id,type,character,name,pos_x,pos_y,scale,eye,eye_brows,mouse,option1,option2,option3,voice,volume,font_size,words,文字数,choices,target_flag,jump_ids,参照用セル_元テキスト,参照用セル_発言者,参照用セル_発言
,,,,,,,,,,,,,,,,,,,,,,,
1001001,jump,,,,,,,,,,,,,,,,,,,4001000,,,
,,,,,,,,,,,,,,,,,0,,,,,,
■広間／朝　メモの説明,,,,,,,,,,,,,,,,,,,,,,,
4001000,change_background,hall,,512,384,75,,,,,,,,,,,0,,,,,,
4001001,play_bgm,,,,,,,,,,,,bgm_maoudamashii_acoustic30,0.05,,,0,,,,,,
4001002,place_change,,,,,,,,,,,,,,,1階／広間/1952年8月7日（朝）,18,,,,,,
4001003,appear,T,高城刑事,500,384,,,,,,,,,,,,0,,,,,,
4001004,keyboard_input,,,,,,,,,,,,,,,,0,田中/山田,,4001100/4001200,,,
4001005,talk,T,高城刑事,,,,,,,,,,,,,じゃあ、ゆかりくん。\nこれから、全員に対して簡単な事情聴取を行うから、何か気になることがあったら”メモ”してくれ,57,,,,T「じゃあ、ゆかりくん。\nこれから、全員に対して簡単な事情聴取を行うから、何か気になることがあったら”メモ”してくれ,T,じゃあ、ゆかりくん。\nこれから、全員に対して簡単な事情聴取を行うから、何か気になることがあったら”メモ”してくれ
4001006,talk,Y,結月　ゆかり,,,,,,,,,,,,,わかりました！\nバッチリ準備しておきますね,22,,,,Y「わかりました！\nバッチリ準備しておきますね,Y,わかりました！\nバッチリ準備しておきますね
4001007,back_effect,hide,,,,,,,,,,,,,,,,,,,,,
4001008,talk,,,,,,,,,,,,,,,”メモ”の説明を聞きますか？,14,,,,”メモ”の説明を聞きますか？,”メモ”の説明を聞きますか？,
4001009,choice,,,,,,,,,,,,,,,,0,はい/いいえ,,4001100/4001200,,,
,,,,,,,,,,,,,,,,,0,,,,,,
,,,,,,,,,,,,,,,,,0,,,,,,
,,,,,,,,,,,,,,,,,0,,,,,,
〇選択肢：はい,はい,,,,,,,,,,,,,,,,0,,,,,,
4001100,talk,,,,,,,,,,,,,,,本作では集めた証拠を組み合わせて事件の犯人を推理します。,28,,,,本作では集めた証拠を組み合わせて事件の犯人を推理します。,本作では集めた証拠を組み合わせて事件の犯人を推理します。,
4001101,talk,,,,,,,,,,,,,,,ストーリーを進めると事件が発生しますが、事件発生後には高城刑事やゆかりさんが登場人物に対して事情聴取を行います。,56,,,,ストーリーを進めると事件が発生しますが、事件発生後には高城刑事やゆかりさんが登場人物に対して事情聴取を行います。,ストーリーを進めると事件が発生しますが、事件発生後には高城刑事やゆかりさんが登場人物に対して事情聴取を行います。,
4001102,talk,,,,,,,,,,,,,,,事情聴取では物語の登場人物が自身のアリバイや他の登場人物の行動を証言します。,38,,,,事情聴取では物語の登場人物が自身のアリバイや他の登場人物の行動を証言します。,事情聴取では物語の登場人物が自身のアリバイや他の登場人物の行動を証言します。,
4001103,talk,,,,,,,,,,,,,,,事件の謎を解き明かすために必要だと思った発言はメモとして記録しましょう。,36,,,,事件の謎を解き明かすために必要だと思った発言はメモとして記録しましょう。,事件の謎を解き明かすために必要だと思った発言はメモとして記録しましょう。,
4001104,talk,,,,,,,,,,,,,,,メモした発言は証拠アイテムとして犯人を追い詰める際に使用することもできます。,38,,,,メモした発言は証拠アイテムとして犯人を追い詰める際に使用することもできます。,メモした発言は証拠アイテムとして犯人を追い詰める際に使用することもできます。,
4001105,talk,,,,,,,,,,,,,,,画面上の”MEMO”ボタンを押すことで、ゆかりさんが発言内容を”NOTE”にメモしてくれます。,47,,,,画面上の”MEMO”ボタンを押すことで、ゆかりさんが発言内容を”NOTE”にメモしてくれます。,画面上の”MEMO”ボタンを押すことで、ゆかりさんが発言内容を”NOTE”にメモしてくれます。,
4001106,talk,,,,,,,,,,,,,,,MEMOボタンは事情聴取中のみ表示され、事情聴取が終わるとボタンは消えます。,38,,,,MEMOボタンは事情聴取中のみ表示され、事情聴取が終わるとボタンは消えます。,MEMOボタンは事情聴取中のみ表示され、事情聴取が終わるとボタンは消えます。,
4001107,talk,,,,,,,,,,,,,,,NOTEに記録できるメモは最大で20個となっており、既に20個記録されている場合は過去のメモを上書きします。上書き時は消す対象を注意して選んでください。,76,,,,NOTEに記録できるメモは最大で20個となっており、既に20個記録されている場合は過去のメモを上書きします。上書き時は消す対象を注意して選んでください。,NOTEに記録できるメモは最大で20個となっており、既に20個記録されている場合は過去のメモを上書きします。上書き時は消す対象を注意して選んでください。,
4001108,talk,,,,,,,,,,,,,,,説明は以上となります。,11,,,,説明は以上となります。,説明は以上となります。,
4001109,jump,,,,,,,,,,,,,,,,0,,,4001200,,,
,,,,,,,,,,,,,,,,,0,,,,,,
,,,,,,,,,,,,,,,,,0,,,,,,
,,,,,,,,,,,,,,,,,0,,,,,,
〇選択肢：いいえ,いいえ,,,,,,,,,,,,,,,,0,,,,,,
4001200,back_effect,,,,,,,,,,,,,,,,0,,,,,,
4001201,talk,T,高城刑事,,,,,,,,,,,,,よし、では広間へ行こうか,12,,,,T「よし、では広間へ行こうか,T,よし、では広間へ行こうか
4001202,talk,,,,,,,,,,,,,,,……。,3,,,,……。,……。,
4001203,place_change,,,,,,,,,,,,,,,,0,,,,,,
4001204,fade_out,,,,,,,,,,,,,,,,0,,,,,,
4001205,out,T,高城刑事,,,,,,,,,,,,,,0,,,,,,
4001206,jump,,,,,,,,,,,,,,,,0,,,4002000,,,
,,,,,,,,,,,,,,,,,0,,,,,,
,,,,,,,,,,,,,,,,,0,,,,,,
,,,,,,,,,,,,,,,,,0,,,,,,
■広間／朝　事情聴取,,,,,,,,,,,,,,,,,,,,,,,
4002000,change_background,hall,,512,384,75,,,,,,,,,,,0,,,,,,
4002001,play_bgm,,,,,,,,,,,,bgm_maoudamashii_acoustic30,0.05,,,0,,,,,,
4002002,place_change,,,,,,,,,,,,,,,1階／広間/1952年8月7日（朝）,18,,,,,,
4002003,appear,T,高城刑事,200,384,,,,,,,,,,,,0,,,,,,
4002004,open_memo,,,,,,,,,,,,,,,,,,,,,,
4002005,fade_in,,,,,,,,,,,,,,,,0,,,,,,
4002006,talk,,,,,,,,,,,,,,,広間には従業員も含め全員が集まっていた。,20,,,,広間には従業員も含め全員が集まっていた。,広間には従業員も含め全員が集まっていた。,
4002007,appear,K,河野　銀,500,384,,,,,,,,,,,,,,,,,,
4002008,appear,D,土橋　建也,700,384,,,,,,,,,,,,,,,,,,
4002009,appear,R,狩野　蘭,900,384,,,,,,,,,,,,,,,,,,
4002010,talk,K,河野　銀,,,,,,,,,,,,,全員集まりましたね。高城刑事、始めますか？,21,,,,K「全員集まりましたね。高城刑事、始めますか？,K,全員集まりましたね。高城刑事、始めますか？
4002011,talk,D,土橋　建也,,,,,,,,,,,,,あ？刑事だと？,7,,,,D「あ？刑事だと？,D,あ？刑事だと？
4002012,talk,K,河野　銀,,,,,,,,,,,,,ああ、土橋さんは聞いてなかったんでしたね。高城さんは刑事だそうですよ,34,,,,K「ああ、土橋さんは聞いてなかったんでしたね。高城さんは刑事だそうですよ,K,ああ、土橋さんは聞いてなかったんでしたね。高城さんは刑事だそうですよ
4002013,talk,R,狩野　蘭,,,,,,,,,,,,,そんな風にはぜんぜん見えないよね,16,,,,R「そんな風にはぜんぜん見えないよね,R,そんな風にはぜんぜん見えないよね
4002014,talk,T,高城刑事,,,,,,,,,,,,,ははっ、人は見かけによらないものさ,17,,,,T「ははっ、人は見かけによらないものさ,T,ははっ、人は見かけによらないものさ
4002015,talk,,,,,,,,,,,,,,,高城は上着の内ポケットから手帳とボールペンを取り出す。,27,,,,高城は上着の内ポケットから手帳とボールペンを取り出す。,高城は上着の内ポケットから手帳とボールペンを取り出す。,
4002016,talk,T,高城刑事,,,,,,,,,,,,,早速だけど簡単に話を聞かせて貰おうかな。\n土橋さん、私の方で話を進めてもいいかね？,42,,,,T「早速だけど簡単に話を聞かせて貰おうかな。\n土橋さん、私の方で話を進めてもいいかね？,T,早速だけど簡単に話を聞かせて貰おうかな。\n土橋さん、私の方で話を進めてもいいかね？
4002017,talk,D,土橋　建也,,,,,,,,,,,,,……構わねぇよ。こういうのは、あんたの方が得意だろうしな,28,,,,D「……構わねぇよ。こういうのは、あんたの方が得意だろうしな,D,……構わねぇよ。こういうのは、あんたの方が得意だろうしな
4002018,fade_out,,,,,,,,,,,,,,,,,,,,,,
4002019,out,K,河野　銀,,,,,,,,,,,,,,,,,,,,
4002020,out,D,土橋　建也,,,,,,,,,,,,,,,,,,,,
4002021,out,R,狩野　蘭,,,,,,,,,,,,,,,,,,,,
4002022,appear,D,土橋　建也,500,384,,,,,,,,,,,,,,,,,,
4002023,fade_in,,,,,,,,,,,,,,,,,,,,,,
4002024,talk,T,高城刑事,,,,,,,,,,,,,では、まず事件が起こった時間だけど、これは昨日の18時頃で間違いないかな？,37,,,,T「では、まず事件が起こった時間だけど、これは昨日の18時頃で間違いないかな？,T,では、まず事件が起こった時間だけど、これは昨日の18時頃で間違いないかな？
4002025,talk,D,土橋　建也,,,,,,,,,,,,,ああ、俺が気づいたのはそんくれぇだな,18,,,,D「ああ、俺が気づいたのはそんくれぇだな,D,ああ、俺が気づいたのはそんくれぇだな
4002026,talk,T,高城刑事,,,,,,,,,,,,,昨日の話によると板倉さんはその時間帯は厨房に居たんだったね？,30,,,,T「昨日の話によると板倉さんはその時間帯は厨房に居たんだったね？,T,昨日の話によると板倉さんはその時間帯は厨房に居たんだったね？
4002027,appear,I,板倉　善二,650,384,,,,,,,,,,,,,,,,,,
4002028,talk,I,板倉　善二,,,,,,,,,,,,,そうです,4,,,,I「そうです,I,そうです
4002029,talk,T,高城刑事,,,,,,,,,,,,,狩野くんも同じかな？,10,,,,T「狩野くんも同じかな？,T,狩野くんも同じかな？
4002030,appear,R,狩野　蘭,800,384,,,,,,,,,,,,,,,,,,
4002031,talk,R,狩野　蘭,,,,,,,,,,,,,そうね,3,,,,R「そうね,R,そうね
4002032,talk,T,高城刑事,,,,,,,,,,,,,ご主人、昨日の18時頃何をしていたか教えて貰えますか？,27,,,,T「ご主人、昨日の18時頃何をしていたか教えて貰えますか？,T,ご主人、昨日の18時頃何をしていたか教えて貰えますか？
4002033,appear,O,恩田　隆則,950,384,,,,,,,,,,,,,,,,,,
4002034,talk,O,恩田　隆則,,,,,,,,,,,,,岸壁で海を見ていましたな,12,,,,O「岸壁で海を見ていましたな,O,岸壁で海を見ていましたな
4002035,talk,T,高城刑事,,,,,,,,,,,,,ふむ。そうでしたね,9,,,,T「ふむ。そうでしたね,T,ふむ。そうでしたね
4002036,talk,T,高城刑事,,,,,,,,,,,,,ここまでの話は昨日聞いた通りのようだね,19,,,,T「ここまでの話は昨日聞いた通りのようだね,T,ここまでの話は昨日聞いた通りのようだね
4002037,fade_out,,,,,,,,,,,,,,,,,,,,,,
4002038,out,D,土橋　建也,,,,,,,,,,,,,,,,,,,,
4002039,out,I,板倉　善二,,,,,,,,,,,,,,,,,,,,
4002040,out,R,狩野　蘭,,,,,,,,,,,,,,,,,,,,
4002041,out,O,恩田　隆則,,,,,,,,,,,,,,,,,,,,
4002042,appear,K,河野　銀,500,384,,,,,,,,,,,,,,,,,,
4002043,fade_in,,,,,,,,,,,,,,,,,,,,,,
4002044,talk,T,高城刑事,,,,,,,,,,,,,では、河野さんはどうだろう？,14,,,,T「では、河野さんはどうだろう？,T,では、河野さんはどうだろう？
4002045,talk,K,河野　銀,,,,,,,,,,,,,そうですね、私はその時間帯は部屋で本を読んでたと思います。喉が渇いたので一度厨房の方に行きましたが、それ以外は自室に居ましたね,63,,,,K「そうですね、私はその時間帯は部屋で本を読んでたと思います。喉が渇いたので一度厨房の方に行きましたが、それ以外は自室に居ましたね,K,そうですね、私はその時間帯は部屋で本を読んでたと思います。喉が渇いたので一度厨房の方に行きましたが、それ以外は自室に居ましたね
4002046,talk,K,河野　銀,,,,,,,,,,,,,あ、そういえば厨房に行く際に法堂さんとすれ違ったと思います,29,,,,K「あ、そういえば厨房に行く際に法堂さんとすれ違ったと思います,K,あ、そういえば厨房に行く際に法堂さんとすれ違ったと思います
4002047,appear,H,法堂　美沙,650,384,,,,,,,,,,,,,,,,,,
4002048,talk,H,法堂　美沙,,,,,,,,,,,,,そうね,3,,,,H「そうね,H,そうね
4002049,talk,T,高城刑事,,,,,,,,,,,,,ちなみにその時間帯、法堂さんは何を？,18,,,,T「ちなみにその時間帯、法堂さんは何を？,T,ちなみにその時間帯、法堂さんは何を？
4002050,talk,H,法堂　美沙,,,,,,,,,,,,,旅館のあちこちを見て回って怪盗の痕跡を探していたわ。あんな予告状を残すくらいだもの、この旅館に居たことは間違いないでしょう？だから、何か残ってないかな～ってね,79,,,,H「旅館のあちこちを見て回って怪盗の痕跡を探していたわ。あんな予告状を残すくらいだもの、この旅館に居たことは間違いないでしょう？だから、何か残ってないかな～ってね,H,旅館のあちこちを見て回って怪盗の痕跡を探していたわ。あんな予告状を残すくらいだもの、この旅館に居たことは間違いないでしょう？だから、何か残ってないかな～ってね
4002051,talk,T,高城刑事,,,,,,,,,,,,,何か見つかったかい？,10,,,,T「何か見つかったかい？,T,何か見つかったかい？
4002052,talk,H,法堂　美沙,,,,,,,,,,,,,いいえ、なんにも,8,,,,H「いいえ、なんにも,H,いいえ、なんにも
4002053,appear,F,不動　誠,800,384,,,,,,,,,,,,,,,,,,
4002054,talk,F,不動　誠,,,,,,,,,,,,,そうか。あの物音は法堂さんだったんだね,19,,,,F「そうか。あの物音は法堂さんだったんだね,F,そうか。あの物音は法堂さんだったんだね
4002055,talk,T,高城刑事,,,,,,,,,,,,,何か気になることでも？,11,,,,T「何か気になることでも？,T,何か気になることでも？
4002056,talk,F,不動　誠,,,,,,,,,,,,,いや、大したことじゃないんだけど。僕の部屋って玄関とか階段に近いから結構いろんな音が聞こえるんだよね,50,,,,F「いや、大したことじゃないんだけど。僕の部屋って玄関とか階段に近いから結構いろんな音が聞こえるんだよね,F,いや、大したことじゃないんだけど。僕の部屋って玄関とか階段に近いから結構いろんな音が聞こえるんだよね
4002057,talk,F,不動　誠,,,,,,,,,,,,,なんかずっとガリガリって音がしてたから何かなって思ってただけ,30,,,,F「なんかずっとガリガリって音がしてたから何かなって思ってただけ,F,なんかずっとガリガリって音がしてたから何かなって思ってただけ
4002058,talk,H,法堂　美沙,,,,,,,,,,,,,あら？私、そんな音は立ててないと思うわよ？,21,,,,H「あら？私、そんな音は立ててないと思うわよ？,H,あら？私、そんな音は立ててないと思うわよ？
4002059,talk,F,不動　誠,,,,,,,,,,,,,そうなの？,5,,,,F「そうなの？,F,そうなの？
4002060,appear,U,嬉名井　清,950,384,,,,,,,,,,,,,,,,,,
4002061,talk,U,嬉名井　清,,,,,,,,,,,,,その音は小生でしょうな,11,,,,U「その音は小生でしょうな,U,その音は小生でしょうな
4002062,talk,H,法堂　美沙,,,,,,,,,,,,,嬉名井さん？,6,,,,H「嬉名井さん？,H,嬉名井さん？
4002063,talk,U,嬉名井　清,,,,,,,,,,,,,小生、その時間はノリノリでしたからな！湧き上がるアイディアを消える前に何とか形に残そうと、力いっぱい紙にぶつけておりました,61,,,,U「小生、その時間はノリノリでしたからな！湧き上がるアイディアを消える前に何とか形に残そうと、力いっぱい紙にぶつけておりました,U,小生、その時間はノリノリでしたからな！湧き上がるアイディアを消える前に何とか形に残そうと、力いっぱい紙にぶつけておりました
4002064,talk,U,嬉名井　清,,,,,,,,,,,,,不動殿は部屋が隣ですから、音が響いてしまったんでしょうな。申し訳ありませぬ,37,,,,U「不動殿は部屋が隣ですから、音が響いてしまったんでしょうな。申し訳ありませぬ,U,不動殿は部屋が隣ですから、音が響いてしまったんでしょうな。申し訳ありませぬ
4002065,talk,F,不動　誠,,,,,,,,,,,,,ま、ネズミとかじゃないなら安心したよ,18,,,,F「ま、ネズミとかじゃないなら安心したよ,F,ま、ネズミとかじゃないなら安心したよ
4002066,talk,T,高城刑事,,,,,,,,,,,,,なるほど。じゃあ、不動さんも嬉名井さんも部屋にいたんだね,28,,,,T「なるほど。じゃあ、不動さんも嬉名井さんも部屋にいたんだね,T,なるほど。じゃあ、不動さんも嬉名井さんも部屋にいたんだね
4002067,talk,U,嬉名井　清,,,,,,,,,,,,,そうですな,5,,,,U「そうですな,U,そうですな
4002068,talk,T,高城刑事,,,,,,,,,,,,,ふむ。これで全員のアリバイは一通り聞いたね,21,,,,T「ふむ。これで全員のアリバイは一通り聞いたね,T,ふむ。これで全員のアリバイは一通り聞いたね
4002069,fade_out,,,,,,,,,,,,,,,,,,,,,,
4002070,out,K,河野　銀,,,,,,,,,,,,,,,,,,,,
4002071,out,H,法堂　美沙,,,,,,,,,,,,,,,,,,,,
4002072,out,F,不動　誠,,,,,,,,,,,,,,,,,,,,
4002073,out,U,嬉名井　清,,,,,,,,,,,,,,,,,,,,
4002074,appear,D,土橋　建也,500,384,,,,,,,,,,,,,,,,,,
4002075,fade_in,,,,,,,,,,,,,,,,,,,,,,
4002076,talk,T,高城刑事,,,,,,,,,,,,,土橋さん、どうだろう？\nこれまでの話に何か気になる点はあったかな？,34,,,,T「土橋さん、どうだろう？\nこれまでの話に何か気になる点はあったかな？,T,土橋さん、どうだろう？\nこれまでの話に何か気になる点はあったかな？
4002077,talk,D,土橋　建也,,,,,,,,,,,,,チッ、……ねぇよ,8,,,,D「チッ、……ねぇよ,D,チッ、……ねぇよ
4002078,talk,Y,結月　ゆかり,,,,,,,,,,,,,あ、あのぉー……,8,,,,Y「あ、あのぉー……,Y,あ、あのぉー……
4002079,talk,D,土橋　建也,,,,,,,,,,,,,何だよ,3,,,,D「何だよ,D,何だよ
4002080,talk,Y,結月　ゆかり,,,,,,,,,,,,,法堂さんが旅館の中に怪盗の痕跡がないか探してたじゃないですか,30,,,,Y「法堂さんが旅館の中に怪盗の痕跡がないか探してたじゃないですか,Y,法堂さんが旅館の中に怪盗の痕跡がないか探してたじゃないですか
4002081,appear,H,法堂　美沙,700,384,,,,,,,,,,,,,,,,,,
4002082,talk,H,法堂　美沙,,,,,,,,,,,,,それがどうかしたの？,10,,,,H「それがどうかしたの？,H,それがどうかしたの？
4002083,talk,Y,結月　ゆかり,,,,,,,,,,,,,いえ、土橋さんの部屋って探したのかなーってちょっと思ったんですけど,33,,,,Y「いえ、土橋さんの部屋って探したのかなーってちょっと思ったんですけど,Y,いえ、土橋さんの部屋って探したのかなーってちょっと思ったんですけど
4002084,talk,H,法堂　美沙,,,,,,,,,,,,,流石に人の部屋の中までは探してないわよ,19,,,,H「流石に人の部屋の中までは探してないわよ,H,流石に人の部屋の中までは探してないわよ
4002085,talk,D,土橋　建也,,,,,,,,,,,,,何が言いてぇんだ,8,,,,D「何が言いてぇんだ,D,何が言いてぇんだ
4002086,talk,Y,結月　ゆかり,,,,,,,,,,,,,いえ、証拠が残ってるなら土橋さんの部屋だと思うんですよ！ちょっと、調査してもいいですか？,44,,,,Y「いえ、証拠が残ってるなら土橋さんの部屋だと思うんですよ！ちょっと、調査してもいいですか？,Y,いえ、証拠が残ってるなら土橋さんの部屋だと思うんですよ！ちょっと、調査してもいいですか？
4002087,talk,T,高城刑事,,,,,,,,,,,,,なるほど。確かに何かわかるかもしれないね,20,,,,T「なるほど。確かに何かわかるかもしれないね,T,なるほど。確かに何かわかるかもしれないね
4002088,talk,T,高城刑事,,,,,,,,,,,,,どうかな、土橋さん,9,,,,T「どうかな、土橋さん,T,どうかな、土橋さん
4002089,talk,D,土橋　建也,,,,,,,,,,,,,……だめだ。部屋の中には誰も入るな,17,,,,D「……だめだ。部屋の中には誰も入るな,D,……だめだ。部屋の中には誰も入るな
4002090,talk,Y,結月　ゆかり,,,,,,,,,,,,,え、でも……,6,,,,Y「え、でも……,Y,え、でも……
4002091,talk,D,土橋　建也,,,,,,,,,,,,50,ダメだって言ってんだろ！,12,,,,D「ダメだって言ってんだろ！,D,ダメだって言ってんだろ！
4002092,talk,D,土橋　建也,,,,,,,,,,,,,おい、島に本当に船はねぇんだよな？,17,,,,D「おい、島に本当に船はねぇんだよな？,D,おい、島に本当に船はねぇんだよな？
4002093,appear,R,狩野　蘭,900,384,,,,,,,,,,,,,,,,,,
4002094,talk,R,狩野　蘭,,,,,,,,,,,,,そのはずだけど,7,,,,R「そのはずだけど,R,そのはずだけど
4002095,talk,D,土橋　建也,,,,,,,,,,,,,チッ。\n外を探してくる,12,,,,D「チッ。\n外を探してくる,D,チッ。\n外を探してくる
4002096,talk,Y,結月　ゆかり,,,,,,,,,,,,,あっ、土橋さん！,8,,,,Y「あっ、土橋さん！,Y,あっ、土橋さん！
4002097,out,D,土橋　建也,,,,,,,,,,,,,,,,,,,,
4002098,talk,T,高城刑事,,,,,,,,,,,,,やれやれ、話を聞くのはここまでだね,17,,,,T「やれやれ、話を聞くのはここまでだね,T,やれやれ、話を聞くのはここまでだね
4002099,talk,,,,,,,,,,,,,,,……。,3,,,,……。,……。,
4002100,place_change,,,,,,,,,,,,,,,,0,,,,,,
4002101,fade_out,,,,,,,,,,,,,,,,0,,,,,,
4002102,close_memo,,,,,,,,,,,,,,,,,,,,,,
4002103,out,T,高城刑事,,,,,,,,,,,,,,0,,,,,,
4002104,out,H,法堂　美沙,,,,,,,,,,,,,,,,,,,,
4002105,out,R,狩野　蘭,,,,,,,,,,,,,,,,,,,,
4002106,jump,,,,,,,,,,,,,,,,0,,,4003000,,,
,,,,,,,,,,,,,,,,,0,,,,,,
,,,,,,,,,,,,,,,,,0,,,,,,
,,,,,,,,,,,,,,,,,0,,,,,,
■自室／昼　自由行動,,,,,,,,,,,,,,,,,,,,,,,
4003000,change_background,room,,512,384,80,,,,,,,,,,,0,,,,,,
4003001,play_bgm,,,,,,,,,,,,bgm_maoudamashii_acoustic30,0.05,,,0,,,,,,
4003002,place_change,,,,,,,,,,,,,,,自室/1952年8月7日（昼）,15,,,,,,
4003003,appear,T,高城刑事,500,384,,,,,,,,,,,,0,,,,,,
4003004,fade_in,,,,,,,,,,,,,,,,0,,,,,,
4003005,talk,Y,結月　ゆかり,,,,,,,,,,,,,高城さん。土橋さんはどのくらいで帰ってくると思いますか？,28,,,,Y「高城さん。土橋さんはどのくらいで帰ってくると思いますか？,Y,高城さん。土橋さんはどのくらいで帰ってくると思いますか？
4003006,talk,T,高城刑事,,,,,,,,,,,,,小さいとは言え島だからね。\n島の要所だけを見て回ったとしても数時間はかかるだろうな,42,,,,T「小さいとは言え島だからね。\n島の要所だけを見て回ったとしても数時間はかかるだろうな,T,小さいとは言え島だからね。\n島の要所だけを見て回ったとしても数時間はかかるだろうな
4003007,talk,Y,結月　ゆかり,,,,,,,,,,,,,そうですか……ふむふむ,11,,,,Y「そうですか……ふむふむ,Y,そうですか……ふむふむ
4003008,talk,T,高城刑事,,,,,,,,,,,,,ゆかりくん？なんだか悪い顔をしてるね。\n何かいい考えでも浮かんだのかい？,37,,,,T「ゆかりくん？なんだか悪い顔をしてるね。\n何かいい考えでも浮かんだのかい？,T,ゆかりくん？なんだか悪い顔をしてるね。\n何かいい考えでも浮かんだのかい？
4003009,talk,Y,結月　ゆかり,,,,,,,,,,,,,ふっふっふ、悪い顔だなんてよしてください,20,,,,Y「ふっふっふ、悪い顔だなんてよしてください,Y,ふっふっふ、悪い顔だなんてよしてください
4003010,talk,Y,結月　ゆかり,,,,,,,,,,,,,高城さん、さっきの土橋さんの様子、何か気になりません？,27,,,,Y「高城さん、さっきの土橋さんの様子、何か気になりません？,Y,高城さん、さっきの土橋さんの様子、何か気になりません？
4003011,talk,T,高城刑事,,,,,,,,,,,,,ふむ。私はこれといって気にならなかったけどね,22,,,,T「ふむ。私はこれといって気にならなかったけどね,T,ふむ。私はこれといって気にならなかったけどね
4003012,talk,Y,結月　ゆかり,,,,,,,,,,,,,ホントですか？,7,,,,Y「ホントですか？,Y,ホントですか？
4003013,talk,Y,結月　ゆかり,,,,,,,,,,,,,はぁ～……。部屋ですよ、部屋,14,,,,Y「はぁ～……。部屋ですよ、部屋,Y,はぁ～……。部屋ですよ、部屋
4003014,talk,Y,結月　ゆかり,,,,,,,,,,,,,土橋さんの態度を思い出してください！\n自分の部屋の調査は頑として受け付けないって感じ、なんだか怪しくないですか？,57,,,,Y「土橋さんの態度を思い出してください！\n自分の部屋の調査は頑として受け付けないって感じ、なんだか怪しくないですか？,Y,土橋さんの態度を思い出してください！\n自分の部屋の調査は頑として受け付けないって感じ、なんだか怪しくないですか？
4003015,talk,T,高城刑事,,,,,,,,,,,,,土橋さんが何か隠してるとでも言いたいのかい？,22,,,,T「土橋さんが何か隠してるとでも言いたいのかい？,T,土橋さんが何か隠してるとでも言いたいのかい？
4003016,talk,Y,結月　ゆかり,,,,,,,,,,,,,可能性はあると思います,11,,,,Y「可能性はあると思います,Y,可能性はあると思います
4003017,talk,T,高城刑事,,,,,,,,,,,,,なるほど。\n土橋さんが居ないうちに彼が隠したい”何か”を調べてしまおうってことだね,42,,,,T「なるほど。\n土橋さんが居ないうちに彼が隠したい”何か”を調べてしまおうってことだね,T,なるほど。\n土橋さんが居ないうちに彼が隠したい”何か”を調べてしまおうってことだね
4003018,talk,Y,結月　ゆかり,,,,,,,,,,,,,そうです！\nばれなきゃいいんですよ、ばれなきゃ,24,,,,Y「そうです！\nばれなきゃいいんですよ、ばれなきゃ,Y,そうです！\nばれなきゃいいんですよ、ばれなきゃ
4003019,talk,T,高城刑事,,,,,,,,,,,,,ゆかりくん、君の行動力が時折恐ろしくなるよ,21,,,,T「ゆかりくん、君の行動力が時折恐ろしくなるよ,T,ゆかりくん、君の行動力が時折恐ろしくなるよ
4003020,talk,Y,結月　ゆかり,,,,,,,,,,,,,さぁ！行きますよ！,9,,,,Y「さぁ！行きますよ！,Y,さぁ！行きますよ！
4003021,fade_out,,,,,,,,,,,,,,,,0,,,,,,
4003022,out,T,高城刑事,,,,,,,,,,,,,,0,,,,,,
4003023,jump,,,,,,,,,,,,,,,,0,,,4004000,,,
,,,,,,,,,,,,,,,,,0,,,,,,
,,,,,,,,,,,,,,,,,0,,,,,,
,,,,,,,,,,,,,,,,,0,,,,,,
■3日目　繰り返し（初回＆1回目土橋選択）,,,,,,,,,,,,,,,,,,ヘダー,D2_C1_XXX,,,,
4004000,change_background,corridor,,562,384,80,,,,,,,,,,,,,,,,,
4004001,play_bgm,,,,,,,,,,,,bgm_maoudamashii_acoustic30,0.05,,,,,,,,,
4004002,place_change,,,,,,,,,,,,,,,廊下/1952年8月7日（昼）,,,,,,,
4004003,fade_in,,,,,,,,,,,,,,,,,,,,,,
4004004,talk,Y,結月　ゆかり,,,,,,,,,,,,,先生、どこに行きましょう？,13,,,,Y「先生、どこに行きましょう？,Y,先生、どこに行きましょう？
4004005,flag_check,,初回フラグ,,,,,,,,,,,,,,,,d3_f_0,4004006/4004007,　,,
4004006,choice, ,2回目以降の選択肢,,,,,,,,,,,,,,,土橋の部屋/法堂の部屋/不動の部屋/嬉名井の部屋/河野の部屋/調理場/事務所/部屋で休む,d3_c1_1/d3_c1_2/d3_c1_3/d3_c1_4/d3_c1_5/d3_c1_6/d3_c1_7/n,4005000/4006000/4007000/4008000/4009000/4010000/4011000/4012000, , ,
4004007,flag_update,,,,,,,,,,,,,,,,,,d3_f_0,,,,
4004008,choice,　,初回限定の選択肢,,,,,,,,,,,,,　,1,土橋の部屋/法堂の部屋/不動の部屋/嬉名井の部屋/河野の部屋/調理場/事務所/部屋で休む,n/d3_c0_1/d3_c0_2/d3_c0_3/d3_c0_4/d3_c0_5/d3_c0_6/n,4005000/4013000/4013002/4013004/4013006/4013008/4013010/4012000,　,　,
,,,,,,,,,,,,,,,,,,,,,,,
,,,,,,,,,,,,,,,,,,,,,,,
■3日目　旅館内の探索（初回土橋選択）　フラグチェック　探索回数：4回,,,,,,,,,,,,,,,,,,,,,,,
4004100,flag_check,,フラグ1回目,,,,,,,,,,,,,,,,d3_f_1,4004103/4004101,,,
4004101,flag_update,,,,,,,,,,,,,,,,,,d3_f_1,,,,
4004102,jump,,,,,,,,,,,,,,,,,,,4004108,,,
4004103,flag_check,,フラグ2回目,,,,,,,,,,,,,,,,d3_f_2,4004106/4004104,,,
4004104,flag_update,,,,,,,,,,,,,,,,,,d3_f_2,,,,
4004105,jump,,,,,,,,,,,,,,,,,,,4004108,,,
4004106,flag_check,,フラグ3回目,,,,,,,,,,,,,,,,d3_f_3,4004109/4004107,,,
4004107,flag_update,,,,,,,,,,,,,,,,,,d3_f_3,,,,
4004108,jump,,繰り返し,,,,,,,,,,,,,,,,,4004000,,,
4004109,jump,,次のシーン,,,,,,,,,,,,,,,,,,,,
,,,,,,,,,,,,,,,,,0,,,,,,
,,,,,,,,,,,,,,,,,0,,,,,,
,,,,,,,,,,,,,,,,,0,,,,,,
〇土橋の部屋（初回土橋）,,,,,,,,,,,,,,,,,0,,,,,,
4005000,flag_check,,,,,,,,,,,,,,,,0,,d3_f_dobashi,4005001/aaa,,,
4005001,flag_update,,,,,,,,,,,,,,,,0,,d3_f_dobashi,,,,
,,Y,結月　ゆかり,,,,,,,,,,,,,土橋さんの部屋ですね。いざ、行きましょう！,21,,,,Y「土橋さんの部屋ですね。いざ、行きましょう！,Y,土橋さんの部屋ですね。いざ、行きましょう！
,,,,,,,,,,,,,,,,……。,3,,,,……。,……。,
,fade_out,,,,,,,,,,,,,,,,,,,,,,
,change_background,corridor,,562,384,80,,,,,,,,,,,,,,,,,
,play_bgm,,,,,,,,,,,,bgm_maoudamashii_acoustic30,0.05,,,,,,,,,
,place_change,,,,,,,,,,,,,,,2階／廊下/1952年8月7日（昼）,,,,,,,
,appear,T,高城刑事,200,384,,,,,,,,,,,,,,,,,,
,appear,H,法堂　美沙,500,384,,,,,,,,,,,,,,,,,,
,fade_in,,,,,,,,,,,,,,,,,,,,,,
,talk,Y,結月　ゆかり,,,,,,,,,,,,,おや？部屋の前に法堂さんが居ますね,17,,,,Y「おや？部屋の前に法堂さんが居ますね,Y,おや？部屋の前に法堂さんが居ますね
,talk,H,法堂　美沙,,,,,,,,,,,,,あら、ゆかりちゃん。やっぱり来たのね,18,,,,H「あら、ゆかりちゃん。やっぱり来たのね,H,あら、ゆかりちゃん。やっぱり来たのね
,talk,Y,結月　ゆかり,,,,,,,,,,,,,やっぱり、ですか？,9,,,,Y「やっぱり、ですか？,Y,やっぱり、ですか？
,talk,H,法堂　美沙,,,,,,,,,,,,,さっき、土橋さんに手厳しく断られてたじゃない,22,,,,H「さっき、土橋さんに手厳しく断られてたじゃない,H,さっき、土橋さんに手厳しく断られてたじゃない
,talk,H,法堂　美沙,,,,,,,,,,,,,でも、ゆかりちゃんって一度断られたくらいじゃめげないタイプでしょ？,33,,,,H「でも、ゆかりちゃんって一度断られたくらいじゃめげないタイプでしょ？,H,でも、ゆかりちゃんって一度断られたくらいじゃめげないタイプでしょ？
,talk,H,法堂　美沙,,,,,,,,,,,,,だからね、土橋さんが部屋にいないこのタイミングで行動に移しちゃえ～って、なるんじゃないかなって思ったの,51,,,,H「だからね、土橋さんが部屋にいないこのタイミングで行動に移しちゃえ～って、なるんじゃないかなって思ったの,H,だからね、土橋さんが部屋にいないこのタイミングで行動に移しちゃえ～って、なるんじゃないかなって思ったの
,talk,T,高城刑事,,,,,,,,,,,,,鋭い読みだね。概ねあたってるじゃないか,19,,,,T「鋭い読みだね。概ねあたってるじゃないか,T,鋭い読みだね。概ねあたってるじゃないか
,talk,Y,結月　ゆかり,,,,,,,,,,,,,うぅ……反論できない,10,,,,Y「うぅ……反論できない,Y,うぅ……反論できない
,talk,H,法堂　美沙,,,,,,,,,,,,,でも、私も一緒なのよね。気になると考えるより先に身体が動いちゃうの。だから、一緒に調べよう！,46,,,,H「でも、私も一緒なのよね。気になると考えるより先に身体が動いちゃうの。だから、一緒に調べよう！,H,でも、私も一緒なのよね。気になると考えるより先に身体が動いちゃうの。だから、一緒に調べよう！
,talk,,,,,,,,,,,,,,,そう言うと手に持ったカメラを目の前に揚げる。,22,,,,そう言うと手に持ったカメラを目の前に揚げる。,そう言うと手に持ったカメラを目の前に揚げる。,
,talk,T,高城刑事,,,,,,,,,,,,,ふむ。では、写真は法堂さんに任せるとしよう,21,,,,T「ふむ。では、写真は法堂さんに任せるとしよう,T,ふむ。では、写真は法堂さんに任せるとしよう
,talk,H,法堂　美沙,,,,,,,,,,,,,あと、はい,5,,,,H「あと、はい,H,あと、はい
,view_image,key_taba,,512,420,48,,,,,,,,,,,,,,,,,
,talk,Y,結月　ゆかり,,,,,,,,,,,,,これは？鍵ですか？,9,,,,Y「これは？鍵ですか？,Y,これは？鍵ですか？
,talk,H,法堂　美沙,,,,,,,,,,,,,マスターキー。\n後で返さなきゃなんだけど、狩野ちゃんに土橋さんの部屋に入りたいって言ったら貸してくれたわ,53,,,,H「マスターキー。\n後で返さなきゃなんだけど、狩野ちゃんに土橋さんの部屋に入りたいって言ったら貸してくれたわ,H,マスターキー。\n後で返さなきゃなんだけど、狩野ちゃんに土橋さんの部屋に入りたいって言ったら貸してくれたわ
,talk,,,,,,,,,,,,,,,,0,,,,Y「なんと！？,,
,talk,,,,,,,,,,,,,,,,0,,,,Y「これは……最強ですね！,,
,view_image,,,,,,,,,,,,,,,,,,,,,,
,talk,T,高城刑事,,,,,,,,,,,,,では、入ろうか,7,,,,T「では、入ろうか,T,では、入ろうか
,talk,,,,,,,,,,,,,,,一行は鍵を開けると土橋の部屋へ足を踏み入れる。,23,,,,一行は鍵を開けると土橋の部屋へ足を踏み入れる。,一行は鍵を開けると土橋の部屋へ足を踏み入れる。,
,fade_out,,,,,,,,,,,,,,,,,,,,,,
,change_background,corridor,,562,384,80,,,,,,,,,,,,,,,,,
,play_bgm,,,,,,,,,,,,bgm_maoudamashii_acoustic30,0.05,,,,,,,,,
,place_change,,,,,,,,,,,,,,,2階／土橋の部屋/1952年8月7日（昼）,,,,,,,
,fade_in,,,,,,,,,,,,,,,,,,,,,,
,talk,T,高城刑事,,,,,,,,,,,,,おや、ずいぶんと散らかってるね,15,,,,T「おや、ずいぶんと散らかってるね,T,おや、ずいぶんと散らかってるね
,talk,Y,結月　ゆかり,,,,,,,,,,,,,高城さん。部屋にある物の位置は動かさないでくださいね,26,,,,Y「高城さん。部屋にある物の位置は動かさないでくださいね,Y,高城さん。部屋にある物の位置は動かさないでくださいね
,talk,T,高城刑事,,,,,,,,,,,,,ん？それはなんでだい？,11,,,,T「ん？それはなんでだい？,T,ん？それはなんでだい？
,talk,Y,結月　ゆかり,,,,,,,,,,,,,それは……まあ、無断で部屋に入ったことがばれちゃうからですね！,31,,,,Y「それは……まあ、無断で部屋に入ったことがばれちゃうからですね！,Y,それは……まあ、無断で部屋に入ったことがばれちゃうからですね！
,talk,H,法堂　美沙,,,,,,,,,,,,,ふふふ。\nゆかりちゃんってば、本物の泥棒みたいね,25,,,,H「ふふふ。\nゆかりちゃんってば、本物の泥棒みたいね,H,ふふふ。\nゆかりちゃんってば、本物の泥棒みたいね
,talk,Y,結月　ゆかり,,,,,,,,,,,,,さて、仕事をしましょう！なんてね,16,,,,Y「さて、仕事をしましょう！なんてね,Y,さて、仕事をしましょう！なんてね
,talk,Y,結月　ゆかり,,,,,,,,,,,,,何処を調べますか？,9,,,,Y「何処を調べますか？,Y,何処を調べますか？
,,,,,,,,,,,,,,,,,0,,,,,,
,,,,,,,,,,,,,,,,,0,,,,,,
,,,,,,,,,,,,,,,,,0,,,,,,
,,,,,,,,,,,,,,,,,0,,,,,,
,,,,,,,,,,,,,,,,,0,,,,,,
,,,,,,,,,,,,,,,,,0,,,,,,
,,,,,,,,,,,,,,,,,0,,,,,,
,,,,,,,,,,,,,,,,,0,,,,,,
,,,,,,,,,,,,,,,,,0,,,,,,
,,,,,,,,,,,,,,,,,0,,,,,,
,,,,,,,,,,,,,,,,,0,,,,,,
〇法堂の部屋（初回土橋）,,,,,,,,,,,,,,,,,0,,,,,,
4006000,talk,,,,,,,,,,,,,,,あああ,3,,,,あああ,あああ,
4006001,jump,,,,,,,,,,,,,,,,0,,,4004100,,,
,,,,,,,,,,,,,,,,,0,,,,,,
,,,,,,,,,,,,,,,,,0,,,,,,
,,,,,,,,,,,,,,,,,0,,,,,,
,,,,,,,,,,,,,,,,,0,,,,,,
,,,,,,,,,,,,,,,,,0,,,,,,
〇不動の部屋（初回土橋）,,,,,,,,,,,,,,,,,0,,,,,,
4007000,talk,,,,,,,,,,,,,,,あああ,3,,,,あああ,あああ,
4007001,jump,,,,,,,,,,,,,,,,0,,,4004100,,,
,,,,,,,,,,,,,,,,,0,,,,,,
,,,,,,,,,,,,,,,,,0,,,,,,
,,,,,,,,,,,,,,,,,0,,,,,,
,,,,,,,,,,,,,,,,,0,,,,,,
,,,,,,,,,,,,,,,,,0,,,,,,
〇嬉名井の部屋（初回土橋）,,,,,,,,,,,,,,,,,0,,,,,,
4008000,talk,,,,,,,,,,,,,,,あああ,3,,,,あああ,あああ,
4008001,jump,,,,,,,,,,,,,,,,0,,,4004100,,,
,,,,,,,,,,,,,,,,,0,,,,,,
,,,,,,,,,,,,,,,,,0,,,,,,
,,,,,,,,,,,,,,,,,0,,,,,,
,,,,,,,,,,,,,,,,,0,,,,,,
,,,,,,,,,,,,,,,,,0,,,,,,
〇河野の部屋（初回土橋）,,,,,,,,,,,,,,,,,0,,,,,,
4009000,talk,,,,,,,,,,,,,,,あああ,3,,,,あああ,あああ,
4009001,jump,,,,,,,,,,,,,,,,0,,,4004100,,,
,,,,,,,,,,,,,,,,,0,,,,,,
,,,,,,,,,,,,,,,,,0,,,,,,
,,,,,,,,,,,,,,,,,0,,,,,,
,,,,,,,,,,,,,,,,,0,,,,,,
,,,,,,,,,,,,,,,,,0,,,,,,
〇調理場（初回土橋）,,,,,,,,,,,,,,,,,0,,,,,,
4010000,talk,,,,,,,,,,,,,,,あああ,3,,,,あああ,あああ,
4010001,jump,,,,,,,,,,,,,,,,0,,,4004100,,,
,,,,,,,,,,,,,,,,,0,,,,,,
,,,,,,,,,,,,,,,,,0,,,,,,
,,,,,,,,,,,,,,,,,0,,,,,,
,,,,,,,,,,,,,,,,,0,,,,,,
,,,,,,,,,,,,,,,,,0,,,,,,
〇事務所（初回土橋）,,,,,,,,,,,,,,,,,0,,,,,,
4011000,talk,,,,,,,,,,,,,,,あああ,3,,,,あああ,あああ,
4011001,jump,,,,,,,,,,,,,,,,0,,,4004100,,,
,,,,,,,,,,,,,,,,,0,,,,,,
,,,,,,,,,,,,,,,,,0,,,,,,
,,,,,,,,,,,,,,,,,0,,,,,,
,,,,,,,,,,,,,,,,,0,,,,,,
,,,,,,,,,,,,,,,,,0,,,,,,
〇部屋へ戻る（共通）,,,,,,,,,,,,,,,,,0,,,,,,
4012000,talk,,,,,,,,,,,,,,,あああ,3,,,,あああ,あああ,
4012001,jump,,,,,,,,,,,,,,,,0,,,4004100,,,
,,,,,,,,,,,,,,,,,0,,,,,,
,,,,,,,,,,,,,,,,,0,,,,,,
,,,,,,,,,,,,,,,,,,,,,,,
,,,,,,,,,,,,,,,,,0,,,,,,
〇初回土橋の部屋以外を選択（フラグ更新）,,,,,,,,,,,,,,,,,0,,,,,,
4013000,flag_update,,,,,,,,,,,,,,,,,,d3_c0_1,,,,
4013001,jump,,,,,,,,,,,,,,,,,,,4013100,,,
4013002,flag_update,,,,,,,,,,,,,,,,,,d3_c0_2,,,,
4013003,jump,,,,,,,,,,,,,,,,,,,4013100,,,
4013004,flag_update,,,,,,,,,,,,,,,,,,d3_c0_3,,,,
4013005,jump,,,,,,,,,,,,,,,,,,,4013100,,,
4013006,flag_update,,,,,,,,,,,,,,,,,,d3_c0_4,,,,
4013007,jump,,,,,,,,,,,,,,,,,,,4013100,,,
4013008,flag_update,,,,,,,,,,,,,,,,,,d3_c0_5,,,,
4013009,jump,,,,,,,,,,,,,,,,,,,4013100,,,
4013010,flag_update,,,,,,,,,,,,,,,,,,d3_c0_6,,,,
4013011,jump,,,,,,,,,,,,,,,,,,,4013100,,,
,,,,,,,,,,,,,,,,,,,,,,,
,,,,,,,,,,,,,,,,,,,,,,,
,,,,,,,,,,,,,,,,,,,,,,,
〇初回土橋の部屋以外を選択（確認パート）,,,,,,,,,,,,,,,,,0,,,,,,
4013100,talk,Y,結月　ゆかり,,,,,,,,,,,,,えっ？先生、ほんとにここに行くんですか？,20,,,,Y「えっ？先生、ほんとにここに行くんですか？,Y,えっ？先生、ほんとにここに行くんですか？
4013101,choice,,,,,,,,,,,,,,,,0,はい/いいえ,,4013200/4013300,,,
,,,,,,,,,,,,,,,,,0,,,,,,
,,,,,,,,,,,,,,,,,0,,,,,,
,,,,,,,,,,,,,,,,,0,,,,,,
〇選択肢：はい,はい,,,,,,,,,,,,,,,,0,,,,,,
4013200,talk,Y,結月　ゆかり,,,,,,,,,,,,,先生がそこまで言うんなら……わかりました,20,,,,Y「先生がそこまで言うんなら……わかりました,Y,先生がそこまで言うんなら……わかりました
4013201,talk,,,,,,,,,,,,,,,……。,3,,,,……。,……。,
4013202,flag_check,,,,,,,,,,,,,,,,0,,d3_c0_1,4014000/4013203,,,
4013203,flag_check,,,,,,,,,,,,,,,,0,,d3_c0_2,4015000/4013204,,,
4013204,flag_check,,,,,,,,,,,,,,,,0,,d3_c0_3,4016000/4013205,,,
4013205,flag_check,,,,,,,,,,,,,,,,0,,d3_c0_4,4017000/4013206,,,
4013206,flag_check,,,,,,,,,,,,,,,,0,,d3_c0_5,4018000/4013207,,,
4013207,jump,,,,,,,,,,,,,,,,0,,,4019000,,,
,,,,,,,,,,,,,,,,,,,,,,,
,,,,,,,,,,,,,,,,,,,,,,,
,,,,,,,,,,,,,,,,,0,,,,,,
〇選択肢：いいえ,いいえ,,,,,,,,,,,,,,,,0,,,,,,
4013300,talk,Y,結月　ゆかり,,,,,,,,,,,,,で、ですよね……,8,,,,Y「で、ですよね……,Y,で、ですよね……
4013301,talk,Y,結月　ゆかり,,,,,,,,,,,,,では、どこに行きましょうか？,14,,,,Y「では、どこに行きましょうか？,Y,では、どこに行きましょうか？
4013302,flag_check,,,,,,,,,,,,,,,,0,,d3_c0_1,4013303/4013304,,,
4013303,flag_update_false,,,,,,,,,,,,,,,,,,d3_c0_1,,,,
4013304,flag_check,,,,,,,,,,,,,,,,0,,d3_c0_2,4013305/4013306,,,
4013305,flag_update_false,,,,,,,,,,,,,,,,,,d3_c0_2,,,,
4013306,flag_check,,,,,,,,,,,,,,,,0,,d3_c0_3,4013307/4013308,,,
4013307,flag_update_false,,,,,,,,,,,,,,,,,,d3_c0_3,,,,
4013308,flag_check,,,,,,,,,,,,,,,,0,,d3_c0_4,4013309/4013310,,,
4013309,flag_update_false,,,,,,,,,,,,,,,,,,d3_c0_4,,,,
4013310,flag_check,,,,,,,,,,,,,,,,0,,d3_c0_5,4013311/4013312,,,
4013311,flag_update_false,,,,,,,,,,,,,,,,,,d3_c0_5,,,,
4013312,jump,,,,,,,,,,,,,,,,0,,,4004008,,,
,,,,,,,,,,,,,,,,,0,,,,,,
,,,,,,,,,,,,,,,,,0,,,,,,
,,,,,,,,,,,,,,,,,,,,,,,
■3日目　繰り返し（初回土橋以外選択）,,,,,,,,,,,,,,,,,,ヘダー,D2_C1_XXX,,,,
4013400,change_background,corridor,,562,384,80,,,,,,,,,,,,,,,,,
4013401,play_bgm,,,,,,,,,,,,bgm_maoudamashii_acoustic30,0.05,,,,,,,,,
4013402,place_change,,,,,,,,,,,,,,,廊下/1952年8月7日（昼）,,,,,,,
4013403,fade_in,,,,,,,,,,,,,,,,,,,,,,
4013404,talk,Y,結月　ゆかり,,,,,,,,,,,,,先生、どこに行きましょう？,13,,,,Y「先生、どこに行きましょう？,Y,先生、どこに行きましょう？
4013405,choice,　,,,,,,,,,,,,,,　,1,土橋の部屋/法堂の部屋/不動の部屋/嬉名井の部屋/河野の部屋/調理場/事務所/部屋で休む,d3_c2_1/d3_c2_2/d3_c2_3/d3_c2_4/d3_c2_5/d3_c2_6/d3_c2_7/n,4020000/4014000/4015000/4016000/4017000/4018000/4019000/4012000,　,　,
,,,,,,,,,,,,,,,,,,,,,,,
,,,,,,,,,,,,,,,,,,,,,,,
,,,,,,,,,,,,,,,,,,,,,,,
■3日目　旅館内の探索（初回土橋以外選択）　フラグチェック　探索回数：4回,,,,,,,,,,,,,,,,,,,,,,,
4013500,flag_check,,フラグ1回目,,,,,,,,,,,,,,,,d3_f_1,4013503/4013501,,,
4013501,flag_update,,,,,,,,,,,,,,,,,,d3_f_1,,,,
4013502,jump,,,,,,,,,,,,,,,,,,,4013508,,,
4013503,flag_check,,フラグ2回目,,,,,,,,,,,,,,,,d3_f_2,4013506/4013504,,,
4013504,flag_update,,,,,,,,,,,,,,,,,,d3_f_2,,,,
4013505,jump,,,,,,,,,,,,,,,,,,,4013508,,,
4013506,flag_check,,フラグ3回目,,,,,,,,,,,,,,,,d3_f_3,4013509/4013507,,,
4013507,flag_update,,,,,,,,,,,,,,,,,,d3_f_3,,,,
4013508,jump,,繰り返し,,,,,,,,,,,,,,,,,4013400,,,
4013509,jump,,次のシーン,,,,,,,,,,,,,,,,,,,,
,,,,,,,,,,,,,,,,,0,,,,,,
,,,,,,,,,,,,,,,,,0,,,,,,
,,,,,,,,,,,,,,,,,0,,,,,,
〇土橋の部屋（初回土橋以外）,,,,,,,,,,,,,,,,,0,,,,,,
4020000,talk,Y,結月　ゆかり,,,,,,,,,,,,,土橋さんの部屋ですね。わかりました,17,,,,Y「土橋さんの部屋ですね。わかりました,Y,土橋さんの部屋ですね。わかりました
4020001,talk,,,,,,,,,,,,,,,,0,,,,……。,……。,
4020002,fade_out,,,,,,,,,,,,,,,,,,,,,,
4020003,flag_update,,,,,,,,,,,,,,,,,,d3_c2_1,,,,
4020004,change_background,corridor,,562,384,80,,,,,,,,,,,,,,,,,
4020005,play_bgm,,,,,,,,,,,,bgm_maoudamashii_acoustic30,0.05,,,,,,,,,
4020006,place_change,,,,,,,,,,,,,,,2階／廊下/1952年8月7日（昼）,,,,,,,
4020007,appear,T,高城刑事,200,384,,,,,,,,,,,,,,,,,,
4020008,appear,H,法堂　美沙,500,384,,,,,,,,,,,,,,,,,,
4020009,fade_in,,,,,,,,,,,,,,,,,,,,,,
4020010,talk,Y,結月　ゆかり,,,,,,,,,,,,,おや？部屋の前に法堂さんが居ますね,17,,,,Y「おや？部屋の前に法堂さんが居ますね,Y,おや？部屋の前に法堂さんが居ますね
4020011,talk,H,法堂　美沙,,,,,,,,,,,,,あら、ゆかりちゃん。やっぱり来たのね,18,,,,H「あら、ゆかりちゃん。やっぱり来たのね,H,あら、ゆかりちゃん。やっぱり来たのね
4020012,talk,Y,結月　ゆかり,,,,,,,,,,,,,やっぱり、ですか？,9,,,,Y「やっぱり、ですか？,Y,やっぱり、ですか？
4020013,talk,H,法堂　美沙,,,,,,,,,,,,,さっき、土橋さんに手厳しく断られてたじゃない,22,,,,H「さっき、土橋さんに手厳しく断られてたじゃない,H,さっき、土橋さんに手厳しく断られてたじゃない
4020014,talk,H,法堂　美沙,,,,,,,,,,,,,でも、ゆかりちゃんって一度断られたくらいじゃめげないタイプでしょ？,33,,,,H「でも、ゆかりちゃんって一度断られたくらいじゃめげないタイプでしょ？,H,でも、ゆかりちゃんって一度断られたくらいじゃめげないタイプでしょ？
4020015,talk,H,法堂　美沙,,,,,,,,,,,,,だからね、土橋さんが部屋にいないこのタイミングで行動に移しちゃえ～って、なるんじゃないかなって思ったの,51,,,,H「だからね、土橋さんが部屋にいないこのタイミングで行動に移しちゃえ～って、なるんじゃないかなって思ったの,H,だからね、土橋さんが部屋にいないこのタイミングで行動に移しちゃえ～って、なるんじゃないかなって思ったの
4020016,talk,T,高城刑事,,,,,,,,,,,,,鋭い読みだね。概ねあたってるじゃないか,19,,,,T「鋭い読みだね。概ねあたってるじゃないか,T,鋭い読みだね。概ねあたってるじゃないか
4020017,talk,Y,結月　ゆかり,,,,,,,,,,,,,うぅ……反論できない,10,,,,Y「うぅ……反論できない,Y,うぅ……反論できない
4020018,talk,H,法堂　美沙,,,,,,,,,,,,,でも、私も一緒なのよね。気になると考えるより先に身体が動いちゃうの。だから、一緒に調べよう！,46,,,,H「でも、私も一緒なのよね。気になると考えるより先に身体が動いちゃうの。だから、一緒に調べよう！,H,でも、私も一緒なのよね。気になると考えるより先に身体が動いちゃうの。だから、一緒に調べよう！
4020019,talk,,,,,,,,,,,,,,,そう言うと手に持ったカメラを目の前に揚げる。,22,,,,そう言うと手に持ったカメラを目の前に揚げる。,そう言うと手に持ったカメラを目の前に揚げる。,
4020020,talk,T,高城刑事,,,,,,,,,,,,,ふむ。では、写真は法堂さんに任せるとしよう,21,,,,T「ふむ。では、写真は法堂さんに任せるとしよう,T,ふむ。では、写真は法堂さんに任せるとしよう
4020021,talk,H,法堂　美沙,,,,,,,,,,,,,あと、はい,5,,,,H「あと、はい,H,あと、はい
4020022,view_image,key_taba,,512,420,48,,,,,,,,,,,,,,,,,
4020023,talk,Y,結月　ゆかり,,,,,,,,,,,,,これは？鍵ですか？,9,,,,Y「これは？鍵ですか？,Y,これは？鍵ですか？
4020024,talk,H,法堂　美沙,,,,,,,,,,,,,マスターキー。\n後で返さなきゃなんだけど、狩野ちゃんに土橋さんの部屋に入りたいって言ったら貸してくれたわ,53,,,,H「マスターキー。\n後で返さなきゃなんだけど、狩野ちゃんに土橋さんの部屋に入りたいって言ったら貸してくれたわ,H,マスターキー。\n後で返さなきゃなんだけど、狩野ちゃんに土橋さんの部屋に入りたいって言ったら貸してくれたわ
4020025,talk,Y,結月　ゆかり,,,,,,,,,,,,,なんと！？,5,,,,Y「なんと！？,Y,なんと！？
4020026,talk,Y,結月　ゆかり,,,,,,,,,,,,,これは……最強ですね！,11,,,,Y「これは……最強ですね！,Y,これは……最強ですね！
4020027,view_image,,,,,,,,,,,,,,,,,,,,,,
4020028,talk,T,高城刑事,,,,,,,,,,,,,では、入ろうか,7,,,,T「では、入ろうか,T,では、入ろうか
4020029,fade_out,,,,,,,,,,,,,,,,0,,,,,,
4020030,appear,D,土橋　建也,800,384,,,,,,,,,,,,0,,,,,,
4020031,fade_in,,,,,,,,,,,,,,,,0,,,,,,
4020032,talk,D,土橋　建也,,,,,,,,,,,,,おい、てめぇら。\n人の部屋の前で何してんだ？,23,,,,D「おい、てめぇら。\n人の部屋の前で何してんだ？,D,おい、てめぇら。\n人の部屋の前で何してんだ？
4020033,talk,Y,結月　ゆかり,,,,,,,,,,,,,ど、土橋さん！？,8,,,,Y「ど、土橋さん！？,Y,ど、土橋さん！？
4020034,talk,D,土橋　建也,,,,,,,,,,,,50,何してんだって聞いてんだろ？\nあぁん？,20,,,,D「何してんだって聞いてんだろ？\nあぁん？,D,何してんだって聞いてんだろ？\nあぁん？
4020035,talk,T,高城刑事,,,,,,,,,,,,,いや、何もしてないよ。ただ、立ち話してただけさ,23,,,,T「いや、何もしてないよ。ただ、立ち話してただけさ,T,いや、何もしてないよ。ただ、立ち話してただけさ
4020036,talk,D,土橋　建也,,,,,,,,,,,,,あ？立ち話だぁ？,8,,,,D「あ？立ち話だぁ？,D,あ？立ち話だぁ？
4020037,talk,H,法堂　美沙,,,,,,,,,,,,,そうそう、立ち話よ。立ち話,13,,,,H「そうそう、立ち話よ。立ち話,H,そうそう、立ち話よ。立ち話
4020038,talk,D,土橋　建也,,,,,,,,,,,,,チッ、んなもん人の部屋の前でしてんじゃねぇよ,22,,,,D「チッ、んなもん人の部屋の前でしてんじゃねぇよ,D,チッ、んなもん人の部屋の前でしてんじゃねぇよ
4020039,out,D,土橋　建也,,,,,,,,,,,,,,,,,,,,
4020040,talk,,,,,,,,,,,,,,,土橋は一行を押しのけて部屋に入り、中から時計を持ってくる。,29,,,,土橋は一行を押しのけて部屋に入り、中から時計を持ってくる。,土橋は一行を押しのけて部屋に入り、中から時計を持ってくる。,
4020041,appear,D,土橋　建也,,,,,,,,,,,,,,,,,,,,
4020042,talk,D,土橋　建也,,,,,,,,,,,,,まだ居たのか。\nどっか行けよ、じゃまくせぇな,23,,,,D「まだ居たのか。\nどっか行けよ、じゃまくせぇな,D,まだ居たのか。\nどっか行けよ、じゃまくせぇな
4020043,talk,,,,,,,,,,,,,,,土橋は言葉を吐き捨てるとそのまま外へ出ていく。,23,,,,土橋は言葉を吐き捨てるとそのまま外へ出ていく。,土橋は言葉を吐き捨てるとそのまま外へ出ていく。,
4020044,out,D,土橋　建也,,,,,,,,,,,,,,,,,,,,
4020045,talk,T,高城刑事,,,,,,,,,,,,,流石に部屋に入るのはやめておこうか,17,,,,T「流石に部屋に入るのはやめておこうか,T,流石に部屋に入るのはやめておこうか
4020046,talk,Y,結月　ゆかり,,,,,,,,,,,,,……そうですね。別な場所に行きましょうか,20,,,,Y「……そうですね。別な場所に行きましょうか,Y,……そうですね。別な場所に行きましょうか
4020047,talk,,,,,,,,,,,,,,,……。,3,,,,……。,……。,
4020048,place_change,,,,,,,,,,,,,,,,0,,,,,,
4020049,fade_out,,,,,,,,,,,,,,,,0,,,,,,
4020050,out,T,高城刑事,,,,,,,,,,,,,,,,,,,,
4020051,out,H,法堂　美沙,,,,,,,,,,,,,,0,,,,,,
4020052,jump,,,,,,,,,,,,,,,,0,,,4013500,,,
,,,,,,,,,,,,,,,,,0,,,,,,
,,,,,,,,,,,,,,,,,0,,,,,,
,,,,,,,,,,,,,,,,,0,,,,,,
〇法堂の部屋（初回土橋以外）,,,,,,,,,,,,,,,,,0,,,,,,
4014000,fade_out,,,,,,,,,,,,,,,,,,,,,,
4014001,change_background,corridor,,562,384,80,,,,,,,,,,,,,,,,,
4014002,play_bgm,,,,,,,,,,,,bgm_maoudamashii_acoustic30,0.05,,,,,,,,,
4014003,place_change,,,,,,,,,,,,,,,2階／廊下/1952年8月7日（昼）,,,,,,,
4014004,fade_in,,,,,,,,,,,,,,,,0,,,,,,
4014005,flag_update,,,,,,,,,,,,,,,,0,,d3_c2_2,,,,
4014006,talk,Y,結月　ゆかり,,,,,,,,,,,,,法堂さん、いますか？,10,,,,Y「法堂さん、いますか？,Y,法堂さん、いますか？
4014007,talk,,,,,,,,,,,,,,,応答がない。留守のようだ。,13,,,,応答がない。留守のようだ。,応答がない。留守のようだ。,
4014008,talk,Y,結月　ゆかり,,,,,,,,,,,,,いないみたいですね,9,,,,Y「いないみたいですね,Y,いないみたいですね
4014009,talk,Y,結月　ゆかり,,,,,,,,,,,,,別のとこに行きましょうか,12,,,,Y「別のとこに行きましょうか,Y,別のとこに行きましょうか
4014010,talk,,,,,,,,,,,,,,,……。,3,,,,……。,……。,
4014011,place_change,,,,,,,,,,,,,,,,0,,,,,,
4014012,fade_out,,,,,,,,,,,,,,,,0,,,,,,
4014013,jump,,,,,,,,,,,,,,,,0,,,4013500,,,
,,,,,,,,,,,,,,,,,0,,,,,,
,,,,,,,,,,,,,,,,,0,,,,,,
,,,,,,,,,,,,,,,,,0,,,,,,
〇不動の部屋（初回土橋以外）,,,,,,,,,,,,,,,,,0,,,,,,
4015000,fade_out,,,,,,,,,,,,,,,,0,,,,,,
4015001,change_background,corridor,,562,384,80,,,,,,,,,,,,,,,,,
4015002,play_bgm,,,,,,,,,,,,bgm_maoudamashii_acoustic30,0.05,,,,,,,,,
4015003,place_change,,,,,,,,,,,,,,,1階／廊下/1952年8月7日（昼）,,,,,,,
4015004,appear,T,高城刑事,200,384,,,,,,,,,,,,,,,,,,
4015005,fade_in,,,,,,,,,,,,,,,,,,,,,,
4015006,flag_update,,,,,,,,,,,,,,,,0,,d3_c2_3,,,,
4015007,talk,Y,結月　ゆかり,,,,,,,,,,,,,不動さん、いますか？,10,,,,Y「不動さん、いますか？,Y,不動さん、いますか？
4015008,appear,F,不動　誠,500,384,,,,,,,,,,,,,,,,,,
4015009,talk,F,不動　誠,,,,,,,,,,,,,何か用？,4,,,,F「何か用？,F,何か用？
4015010,talk,Y,結月　ゆかり,,,,,,,,,,,,,いえ、特に用ってわけじゃないんですけど。何してるのかなーって、思って……,36,,,,Y「いえ、特に用ってわけじゃないんですけど。何してるのかなーって、思って……,Y,いえ、特に用ってわけじゃないんですけど。何してるのかなーって、思って……
4015011,talk,F,不動　誠,,,,,,,,,,,,,暇なの？,4,,,,F「暇なの？,F,暇なの？
4015012,talk,Y,結月　ゆかり,,,,,,,,,,,0.5,20,いえいえ！暇ではないです！……けど、……,20,,,,Y「いえいえ！暇ではないです！……けど、……,Y,いえいえ！暇ではないです！……けど、……
4015013,talk,Y,結月　ゆかり,,,,,,,,,,,,,先生が不動さんの部屋に行きたいって言うからこんな雰囲気になっちゃったじゃないですか！,42,,,,Y「先生が不動さんの部屋に行きたいって言うからこんな雰囲気になっちゃったじゃないですか！,Y,先生が不動さんの部屋に行きたいって言うからこんな雰囲気になっちゃったじゃないですか！
4015014,talk,F,不動　誠,,,,,,,,,,,,,ふーん、そっか。\nでも、僕は暇じゃないから,22,,,,F「ふーん、そっか。\nでも、僕は暇じゃないから,F,ふーん、そっか。\nでも、僕は暇じゃないから
4015015,talk,,,,,,,,,,,,,,,そう言うと不動は戸を閉める。,14,,,,そう言うと不動は戸を閉める。,そう言うと不動は戸を閉める。,
4015016,out,F,不動　誠,,,,,,,,,,,,,,,,,,,,
4015017,talk,Y,結月　ゆかり,,,,,,,,,,,,,あっ……。,5,,,,Y「あっ……。,Y,あっ……。
4015018,talk,Y,結月　ゆかり,,,,,,,,,,,,,別な場所、行きましょうか……,14,,,,Y「別な場所、行きましょうか……,Y,別な場所、行きましょうか……
4015019,talk,,,,,,,,,,,,,,,……。,3,,,,……。,……。,
4015020,place_change,,,,,,,,,,,,,,,,,,,,,,
4015021,fade_out,,,,,,,,,,,,,,,,,,,,,,
4015022,out,T,高城刑事,,,,,,,,,,,,,,,,,,,,
4015023,jump,,,,,,,,,,,,,,,,0,,,4013500,,,
,,,,,,,,,,,,,,,,,,,,,,,
,,,,,,,,,,,,,,,,,,,,,,,
,,,,,,,,,,,,,,,,,0,,,,,,
〇嬉名井の部屋（初回土橋以外）,,,,,,,,,,,,,,,,,0,,,,,,
4016000,,,,,,,,,,,,,,,,,0,,,,,,
,,,,,,,,,,,,,,,,,0,,,,,,
,,,,,,,,,,,,,,,,,0,,,,,,
,,,,,,,,,,,,,,,,,0,,,,,,
〇河野の部屋（初回土橋以外）,,,,,,,,,,,,,,,,,0,,,,,,
4017000,,,,,,,,,,,,,,,,,0,,,,,,
,,,,,,,,,,,,,,,,,0,,,,,,
,,,,,,,,,,,,,,,,,0,,,,,,
,,,,,,,,,,,,,,,,,0,,,,,,
〇調理場（初回土橋以外）,,,,,,,,,,,,,,,,,0,,,,,,
4018000,fade_out,,,,,,,,,,,,,,,,0,,,,,,
4018001,change_background,corridor,,562,384,80,,,,,,,,,,,,,,,,,
4018002,play_bgm,,,,,,,,,,,,bgm_maoudamashii_acoustic30,0.05,,,,,,,,,
4018003,place_change,,,,,,,,,,,,,,,1階／廊下/1952年8月7日（昼）,,,,,,,
4018004,appear,R,狩野　蘭,500,384,,,,,,,,,,,,,,,,,,
4018005,appear,I,板倉　善二,800,384,,,,,,,,,,,,,,,,,,
4018006,appear,T,高城刑事,200,384,,,,,,,,,,,,,,,,,,
4018007,fade_in,,,,,,,,,,,,,,,,,,,,,,
4018008,flag_update,,,,,,,,,,,,,,,,0,,d3_c2_6,,,,
4018009,talk,Y,結月　ゆかり,,,,,,,,,,,,,こんにちは,5,,,,Y「こんにちは,Y,こんにちは
4018010,talk,R,狩野　蘭,,,,,,,,,,,,,あ、ゆかりちゃん！\nどうしたの？あたしに会いに来てくれたとか？,32,,,,R「あ、ゆかりちゃん！\nどうしたの？あたしに会いに来てくれたとか？,R,あ、ゆかりちゃん！\nどうしたの？あたしに会いに来てくれたとか？
4018011,talk,Y,結月　ゆかり,,,,,,,,,,,,,あはは……ちょっと様子を見に来ました。\n何か変わったことはありませんでしたか？,40,,,,Y「あはは……ちょっと様子を見に来ました。\n何か変わったことはありませんでしたか？,Y,あはは……ちょっと様子を見に来ました。\n何か変わったことはありませんでしたか？
4018012,talk,R,狩野　蘭,,,,,,,,,,,,,うーん、そうね。何かあった、とは聞いてないかな。板倉さん、何か気づいたこととかある？,42,,,,R「うーん、そうね。何かあった、とは聞いてないかな。板倉さん、何か気づいたこととかある？,R,うーん、そうね。何かあった、とは聞いてないかな。板倉さん、何か気づいたこととかある？
4018013,talk,I,板倉　善二,,,,,,,,,,,,,いや、ないな,6,,,,I「いや、ないな,I,いや、ないな
4018014,talk,R,狩野　蘭,,,,,,,,,,,,,だってさ。また、何かあったら声かけるよ,19,,,,R「だってさ。また、何かあったら声かけるよ,R,だってさ。また、何かあったら声かけるよ
4018015,talk,Y,結月　ゆかり,,,,,,,,,,,,,わかりました。お願いします,13,,,,Y「わかりました。お願いします,Y,わかりました。お願いします
4018016,place_change,,,,,,,,,,,,,,,,,,,,……。,……。,
4018017,fade_out,,,,,,,,,,,,,,,,,,,,,,
4018018,out,R,狩野　蘭,,,,,,,,,,,,,,,,,,,,
4018019,out,I,板倉　善二,,,,,,,,,,,,,,,,,,,,
4018020,out,T,高城刑事,,,,,,,,,,,,,,,,,,,,
4018021,jump,,,,,,,,,,,,,,,,0,,,4013500,,,
,,,,,,,,,,,,,,,,,0,,,,,,
,,,,,,,,,,,,,,,,,0,,,,,,
,,,,,,,,,,,,,,,,,0,,,,,,
〇事務所（初回土橋以外）,,,,,,,,,,,,,,,,,0,,,,,,
4019000,fade_out,,,,,,,,,,,,,,,,0,,,,,,
4019001,change_background,jimusyo,,512,384,75,,,,,,,,,,,,,,,,,
4019002,play_bgm,,,,,,,,,,,,bgm_maoudamashii_acoustic30,0.05,,,,,,,,,
4019003,place_change,,,,,,,,,,,,,,,1階／事務所/1952年8月7日（昼）,,,,,,,
4019004,appear,T,高城刑事,500,384,,,,,,,,,,,,,,,,,,
4019005,fade_in,,,,,,,,,,,,,,,,,,,,,,
4019006,flag_update,,,,,,,,,,,,,,,,0,,d3_c2_7,,,,
4019007,talk,Y,結月　ゆかり,,,,,,,,,,,,,こんにちはー……って、あれ？誰もいないです,21,,,,Y「こんにちはー……って、あれ？誰もいないです,Y,こんにちはー……って、あれ？誰もいないです
4019008,talk,T,高城刑事,,,,,,,,,,,,,おや、ほんとだね。ここで待つかい？,17,,,,T「おや、ほんとだね。ここで待つかい？,T,おや、ほんとだね。ここで待つかい？
4019009,talk,Y,結月　ゆかり,,,,,,,,,,,,,うーん、出直しましょうか,12,,,,Y「うーん、出直しましょうか,Y,うーん、出直しましょうか
4019010,talk,,,,,,,,,,,,,,,……。,3,,,,……。,……。,
4019011,place_change,,,,,,,,,,,,,,,,,,,,,,
4019012,fade_out,,,,,,,,,,,,,,,,,,,,,,
4019013,out,T,高城刑事,,,,,,,,,,,,,,,,,,,,
4019014,jump,,,,,,,,,,,,,,,,0,,,4013500,,,
,,,,,,,,,,,,,,,,,0,,,,,,
,,,,,,,,,,,,,,,,,0,,,,,,
,,,,,,,,,,,,,,,,,0,,,,,,
,,,,,,,,,,,,,,,,,0,,,,,,
,,,,,,,,,,,,,,,,,0,,,,,,
,,,,,,,,,,,,,,,,,0,,,,,,
,,,,,,,,,,,,,,,,,0,,,,,,
,,,,,,,,,,,,,,,,,0,,,,,,
,,,,,,,,,,,,,,,,,0,,,,,,
,,,,,,,,,,,,,,,,,0,,,,,,
,,,,,,,,,,,,,,,,,0,,,,,,
,,,,,,,,,,,,,,,,,0,,,,,,
,,,,,,,,,,,,,,,,,0,,,,,,
,,,,,,,,,,,,,,,,,0,,,,,,
,,,,,,,,,,,,,,,,,0,,,,,,
,,,,,,,,,,,,,,,,,0,,,,,,
,,,,,,,,,,,,,,,,,0,,,,,,
,,,,,,,,,,,,,,,,,0,,,,,,
,,,,,,,,,,,,,,,,,0,,,,,,
,,,,,,,,,,,,,,,,,0,,,,,,
,,,,,,,,,,,,,,,,,0,,,,,,
,,,,,,,,,,,,,,,,,0,,,,,,
,,,,,,,,,,,,,,,,,0,,,,,,
,,,,,,,,,,,,,,,,,0,,,,,,
,,,,,,,,,,,,,,,,,0,,,,,,
,,,,,,,,,,,,,,,,,0,,,,,,
,,,,,,,,,,,,,,,,,0,,,,,,
,,,,,,,,,,,,,,,,,0,,,,,,
,,,,,,,,,,,,,,,,,0,,,,,,
,,,,,,,,,,,,,,,,,0,,,,,,
,,,,,,,,,,,,,,,,,0,,,,,,
,,,,,,,,,,,,,,,,,0,,,,,,
,,,,,,,,,,,,,,,,,0,,,,,,
,,,,,,,,,,,,,,,,,0,,,,,,
,,,,,,,,,,,,,,,,,0,,,,,,
,,,,,,,,,,,,,,,,,0,,,,,,
,,,,,,,,,,,,,,,,,0,,,,,,
,,,,,,,,,,,,,,,,,0,,,,,,
,,,,,,,,,,,,,,,,,0,,,,,,
,,,,,,,,,,,,,,,,,0,,,,,,
,,,,,,,,,,,,,,,,,0,,,,,,
,,,,,,,,,,,,,,,,,0,,,,,,
,,,,,,,,,,,,,,,,,0,,,,,,
,,,,,,,,,,,,,,,,,0,,,,,,
,,,,,,,,,,,,,,,,,0,,,,,,
,,,,,,,,,,,,,,,,,0,,,,,,
,,,,,,,,,,,,,,,,,0,,,,,,
,,,,,,,,,,,,,,,,,0,,,,,,
,,,,,,,,,,,,,,,,,0,,,,,,
,,,,,,,,,,,,,,,,,0,,,,,,
,,,,,,,,,,,,,,,,,0,,,,,,
,,,,,,,,,,,,,,,,,0,,,,,,
,,,,,,,,,,,,,,,,,0,,,,,,
,,,,,,,,,,,,,,,,,0,,,,,,
,,,,,,,,,,,,,,,,,0,,,,,,
,,,,,,,,,,,,,,,,,0,,,,,,
,,,,,,,,,,,,,,,,,0,,,,,,
,,,,,,,,,,,,,,,,,0,,,,,,
,,,,,,,,,,,,,,,,,0,,,,,,
,,,,,,,,,,,,,,,,,0,,,,,,
,,,,,,,,,,,,,,,,,0,,,,,,
,,,,,,,,,,,,,,,,,0,,,,,,
,,,,,,,,,,,,,,,,,0,,,,,,
,,,,,,,,,,,,,,,,,0,,,,,,
,,,,,,,,,,,,,,,,,0,,,,,,
,,,,,,,,,,,,,,,,,0,,,,,,
,,,,,,,,,,,,,,,,,0,,,,,,
,,,,,,,,,,,,,,,,,0,,,,,,
,,,,,,,,,,,,,,,,,0,,,,,,
,,,,,,,,,,,,,,,,,0,,,,,,
,,,,,,,,,,,,,,,,,0,,,,,,
,,,,,,,,,,,,,,,,,0,,,,,,
,,,,,,,,,,,,,,,,,0,,,,,,
,,,,,,,,,,,,,,,,,0,,,,,,
,,,,,,,,,,,,,,,,,0,,,,,,
,,,,,,,,,,,,,,,,,0,,,,,,
,,,,,,,,,,,,,,,,,0,,,,,,
,,,,,,,,,,,,,,,,,0,,,,,,
,,,,,,,,,,,,,,,,,0,,,,,,
,,,,,,,,,,,,,,,,,0,,,,,,
,,,,,,,,,,,,,,,,,0,,,,,,
,,,,,,,,,,,,,,,,,0,,,,,,
,,,,,,,,,,,,,,,,,0,,,,,,
,,,,,,,,,,,,,,,,,0,,,,,,
,,,,,,,,,,,,,,,,,0,,,,,,
,,,,,,,,,,,,,,,,,0,,,,,,
,,,,,,,,,,,,,,,,,0,,,,,,
,,,,,,,,,,,,,,,,,0,,,,,,
,,,,,,,,,,,,,,,,,0,,,,,,
,,,,,,,,,,,,,,,,,0,,,,,,
,,,,,,,,,,,,,,,,,0,,,,,,
,,,,,,,,,,,,,,,,,0,,,,,,
,,,,,,,,,,,,,,,,,0,,,,,,
,,,,,,,,,,,,,,,,,0,,,,,,
,,,,,,,,,,,,,,,,,0,,,,,,
,,,,,,,,,,,,,,,,,0,,,,,,
,,,,,,,,,,,,,,,,,0,,,,,,
,,,,,,,,,,,,,,,,,0,,,,,,
,,,,,,,,,,,,,,,,,0,,,,,,
,,,,,,,,,,,,,,,,,0,,,,,,
,,,,,,,,,,,,,,,,,0,,,,,,
,,,,,,,,,,,,,,,,,0,,,,,,
,,,,,,,,,,,,,,,,,0,,,,,,
,,,,,,,,,,,,,,,,,0,,,,,,
,,,,,,,,,,,,,,,,,0,,,,,,
,,,,,,,,,,,,,,,,,0,,,,,,
,,,,,,,,,,,,,,,,,0,,,,,,
,,,,,,,,,,,,,,,,,0,,,,,,
,,,,,,,,,,,,,,,,,0,,,,,,
,,,,,,,,,,,,,,,,,0,,,,,,
,,,,,,,,,,,,,,,,,0,,,,,,
,,,,,,,,,,,,,,,,,0,,,,,,
,,,,,,,,,,,,,,,,,0,,,,,,
,,,,,,,,,,,,,,,,,0,,,,,,
,,,,,,,,,,,,,,,,,0,,,,,,
,,,,,,,,,,,,,,,,,0,,,,,,
,,,,,,,,,,,,,,,,,0,,,,,,
,,,,,,,,,,,,,,,,,0,,,,,,
,,,,,,,,,,,,,,,,,0,,,,,,
,,,,,,,,,,,,,,,,,0,,,,,,
,,,,,,,,,,,,,,,,,0,,,,,,
,,,,,,,,,,,,,,,,,0,,,,,,
,,,,,,,,,,,,,,,,,0,,,,,,
,,,,,,,,,,,,,,,,,0,,,,,,
,,,,,,,,,,,,,,,,,0,,,,,,
,,,,,,,,,,,,,,,,,0,,,,,,
,,,,,,,,,,,,,,,,,0,,,,,,
,,,,,,,,,,,,,,,,,0,,,,,,
,,,,,,,,,,,,,,,,,0,,,,,,
,,,,,,,,,,,,,,,,,0,,,,,,
,,,,,,,,,,,,,,,,,0,,,,,,
,,,,,,,,,,,,,,,,,0,,,,,,
,,,,,,,,,,,,,,,,,0,,,,,,
,,,,,,,,,,,,,,,,,0,,,,,,
,,,,,,,,,,,,,,,,,0,,,,,,
,,,,,,,,,,,,,,,,,0,,,,,,
,,,,,,,,,,,,,,,,,0,,,,,,
,,,,,,,,,,,,,,,,,0,,,,,,
,,,,,,,,,,,,,,,,,0,,,,,,
,,,,,,,,,,,,,,,,,0,,,,,,
,,,,,,,,,,,,,,,,,0,,,,,,
,,,,,,,,,,,,,,,,,0,,,,,,
,,,,,,,,,,,,,,,,,0,,,,,,
,,,,,,,,,,,,,,,,,0,,,,,,
,,,,,,,,,,,,,,,,,0,,,,,,
,,,,,,,,,,,,,,,,,0,,,,,,
,,,,,,,,,,,,,,,,,0,,,,,,
,,,,,,,,,,,,,,,,,0,,,,,,
,,,,,,,,,,,,,,,,,0,,,,,,
,,,,,,,,,,,,,,,,,0,,,,,,
,,,,,,,,,,,,,,,,,0,,,,,,
,,,,,,,,,,,,,,,,,0,,,,,,
,,,,,,,,,,,,,,,,,0,,,,,,
,,,,,,,,,,,,,,,,,0,,,,,,
,,,,,,,,,,,,,,,,,0,,,,,,
,,,,,,,,,,,,,,,,,0,,,,,,
,,,,,,,,,,,,,,,,,0,,,,,,
,,,,,,,,,,,,,,,,,0,,,,,,
,,,,,,,,,,,,,,,,,0,,,,,,
,,,,,,,,,,,,,,,,,0,,,,,,
,,,,,,,,,,,,,,,,,0,,,,,,
,,,,,,,,,,,,,,,,,0,,,,,,
,,,,,,,,,,,,,,,,,0,,,,,,
,,,,,,,,,,,,,,,,,0,,,,,,
,,,,,,,,,,,,,,,,,0,,,,,,
,,,,,,,,,,,,,,,,,0,,,,,,
,,,,,,,,,,,,,,,,,0,,,,,,
,,,,,,,,,,,,,,,,,0,,,,,,
,,,,,,,,,,,,,,,,,0,,,,,,
,,,,,,,,,,,,,,,,,0,,,,,,
,,,,,,,,,,,,,,,,,0,,,,,,
,,,,,,,,,,,,,,,,,0,,,,,,
,,,,,,,,,,,,,,,,,0,,,,,,
,,,,,,,,,,,,,,,,,0,,,,,,
,,,,,,,,,,,,,,,,,0,,,,,,
,,,,,,,,,,,,,,,,,0,,,,,,
,,,,,,,,,,,,,,,,,0,,,,,,
,,,,,,,,,,,,,,,,,0,,,,,,
,,,,,,,,,,,,,,,,,0,,,,,,
,,,,,,,,,,,,,,,,,0,,,,,,
,,,,,,,,,,,,,,,,,0,,,,,,
,,,,,,,,,,,,,,,,,0,,,,,,
,,,,,,,,,,,,,,,,,0,,,,,,
,,,,,,,,,,,,,,,,,0,,,,,,
,,,,,,,,,,,,,,,,,0,,,,,,
,,,,,,,,,,,,,,,,,0,,,,,,
,,,,,,,,,,,,,,,,,0,,,,,,
,,,,,,,,,,,,,,,,,0,,,,,,
,,,,,,,,,,,,,,,,,0,,,,,,
,,,,,,,,,,,,,,,,,0,,,,,,
,,,,,,,,,,,,,,,,,0,,,,,,
,,,,,,,,,,,,,,,,,0,,,,,,
,,,,,,,,,,,,,,,,,0,,,,,,
,,,,,,,,,,,,,,,,,0,,,,,,
,,,,,,,,,,,,,,,,,0,,,,,,
,,,,,,,,,,,,,,,,,0,,,,,,
,,,,,,,,,,,,,,,,,0,,,,,,
,,,,,,,,,,,,,,,,,0,,,,,,
,,,,,,,,,,,,,,,,,0,,,,,,
,,,,,,,,,,,,,,,,,0,,,,,,
,,,,,,,,,,,,,,,,,0,,,,,,
,,,,,,,,,,,,,,,,,0,,,,,,
,,,,,,,,,,,,,,,,,0,,,,,,
,,,,,,,,,,,,,,,,,0,,,,,,
,,,,,,,,,,,,,,,,,0,,,,,,
,,,,,,,,,,,,,,,,,0,,,,,,
,,,,,,,,,,,,,,,,,0,,,,,,
,,,,,,,,,,,,,,,,,0,,,,,,
,,,,,,,,,,,,,,,,,0,,,,,,
,,,,,,,,,,,,,,,,,0,,,,,,
,,,,,,,,,,,,,,,,,0,,,,,,
,,,,,,,,,,,,,,,,,0,,,,,,
,,,,,,,,,,,,,,,,,0,,,,,,
,,,,,,,,,,,,,,,,,0,,,,,,
,,,,,,,,,,,,,,,,,0,,,,,,
,,,,,,,,,,,,,,,,,0,,,,,,
,,,,,,,,,,,,,,,,,0,,,,,,
,,,,,,,,,,,,,,,,,0,,,,,,
,,,,,,,,,,,,,,,,,0,,,,,,
,,,,,,,,,,,,,,,,,0,,,,,,
,,,,,,,,,,,,,,,,,0,,,,,,
,,,,,,,,,,,,,,,,,0,,,,,,
,,,,,,,,,,,,,,,,,0,,,,,,
,,,,,,,,,,,,,,,,,0,,,,,,
,,,,,,,,,,,,,,,,,0,,,,,,
,,,,,,,,,,,,,,,,,0,,,,,,
,,,,,,,,,,,,,,,,,0,,,,,,
,,,,,,,,,,,,,,,,,0,,,,,,
,,,,,,,,,,,,,,,,,0,,,,,,
,,,,,,,,,,,,,,,,,0,,,,,,
,,,,,,,,,,,,,,,,,0,,,,,,
,,,,,,,,,,,,,,,,,0,,,,,,
,,,,,,,,,,,,,,,,,0,,,,,,
,,,,,,,,,,,,,,,,,0,,,,,,
,,,,,,,,,,,,,,,,,0,,,,,,
,,,,,,,,,,,,,,,,,0,,,,,,
,,,,,,,,,,,,,,,,,0,,,,,,
,,,,,,,,,,,,,,,,,0,,,,,,
,,,,,,,,,,,,,,,,,0,,,,,,
,,,,,,,,,,,,,,,,,0,,,,,,
,,,,,,,,,,,,,,,,,0,,,,,,
,,,,,,,,,,,,,,,,,0,,,,,,
,,,,,,,,,,,,,,,,,0,,,,,,
,,,,,,,,,,,,,,,,,0,,,,,,
,,,,,,,,,,,,,,,,,0,,,,,,
,,,,,,,,,,,,,,,,,0,,,,,,
,,,,,,,,,,,,,,,,,0,,,,,,
,,,,,,,,,,,,,,,,,0,,,,,,
,,,,,,,,,,,,,,,,,0,,,,,,
,,,,,,,,,,,,,,,,,0,,,,,,
,,,,,,,,,,,,,,,,,0,,,,,,
,,,,,,,,,,,,,,,,,0,,,,,,
,,,,,,,,,,,,,,,,,0,,,,,,
,,,,,,,,,,,,,,,,,0,,,,,,
,,,,,,,,,,,,,,,,,0,,,,,,
,,,,,,,,,,,,,,,,,0,,,,,,
,,,,,,,,,,,,,,,,,0,,,,,,
,,,,,,,,,,,,,,,,,0,,,,,,
,,,,,,,,,,,,,,,,,0,,,,,,
,,,,,,,,,,,,,,,,,0,,,,,,
,,,,,,,,,,,,,,,,,0,,,,,,
,,,,,,,,,,,,,,,,,0,,,,,,
,,,,,,,,,,,,,,,,,0,,,,,,
,,,,,,,,,,,,,,,,,0,,,,,,
,,,,,,,,,,,,,,,,,0,,,,,,
,,,,,,,,,,,,,,,,,0,,,,,,
,,,,,,,,,,,,,,,,,0,,,,,,
,,,,,,,,,,,,,,,,,0,,,,,,
,,,,,,,,,,,,,,,,,0,,,,,,
,,,,,,,,,,,,,,,,,0,,,,,,
,,,,,,,,,,,,,,,,,0,,,,,,
,,,,,,,,,,,,,,,,,0,,,,,,
,,,,,,,,,,,,,,,,,0,,,,,,
,,,,,,,,,,,,,,,,,0,,,,,,
,,,,,,,,,,,,,,,,,0,,,,,,
,,,,,,,,,,,,,,,,,0,,,,,,
,,,,,,,,,,,,,,,,,0,,,,,,
,,,,,,,,,,,,,,,,,0,,,,,,
,,,,,,,,,,,,,,,,,0,,,,,,
,,,,,,,,,,,,,,,,,0,,,,,,
,,,,,,,,,,,,,,,,,0,,,,,,
,,,,,,,,,,,,,,,,,0,,,,,,
,,,,,,,,,,,,,,,,,0,,,,,,
,,,,,,,,,,,,,,,,,0,,,,,,
,,,,,,,,,,,,,,,,,0,,,,,,
,,,,,,,,,,,,,,,,,0,,,,,,
,,,,,,,,,,,,,,,,,0,,,,,,
,,,,,,,,,,,,,,,,,0,,,,,,
,,,,,,,,,,,,,,,,,0,,,,,,
,,,,,,,,,,,,,,,,,0,,,,,,
,,,,,,,,,,,,,,,,,0,,,,,,
,,,,,,,,,,,,,,,,,0,,,,,,
,,,,,,,,,,,,,,,,,0,,,,,,
,,,,,,,,,,,,,,,,,0,,,,,,
,,,,,,,,,,,,,,,,,0,,,,,,
,,,,,,,,,,,,,,,,,0,,,,,,
,,,,,,,,,,,,,,,,,0,,,,,,
,,,,,,,,,,,,,,,,,0,,,,,,
,,,,,,,,,,,,,,,,,0,,,,,,
,,,,,,,,,,,,,,,,,0,,,,,,
,,,,,,,,,,,,,,,,,0,,,,,,
,,,,,,,,,,,,,,,,,0,,,,,,
,,,,,,,,,,,,,,,,,0,,,,,,
,,,,,,,,,,,,,,,,,0,,,,,,
,,,,,,,,,,,,,,,,,0,,,,,,
,,,,,,,,,,,,,,,,,0,,,,,,
,,,,,,,,,,,,,,,,,0,,,,,,
,,,,,,,,,,,,,,,,,0,,,,,,
,,,,,,,,,,,,,,,,,0,,,,,,
,,,,,,,,,,,,,,,,,0,,,,,,
,,,,,,,,,,,,,,,,,0,,,,,,
,,,,,,,,,,,,,,,,,0,,,,,,
,,,,,,,,,,,,,,,,,0,,,,,,
,,,,,,,,,,,,,,,,,0,,,,,,
,,,,,,,,,,,,,,,,,0,,,,,,
,,,,,,,,,,,,,,,,,0,,,,,,
,,,,,,,,,,,,,,,,,0,,,,,,
,,,,,,,,,,,,,,,,,0,,,,,,
,,,,,,,,,,,,,,,,,0,,,,,,
,,,,,,,,,,,,,,,,,0,,,,,,
,,,,,,,,,,,,,,,,,0,,,,,,
,,,,,,,,,,,,,,,,,0,,,,,,
,,,,,,,,,,,,,,,,,0,,,,,,
,,,,,,,,,,,,,,,,,0,,,,,,
,,,,,,,,,,,,,,,,,0,,,,,,
,,,,,,,,,,,,,,,,,0,,,,,,
,,,,,,,,,,,,,,,,,0,,,,,,
,,,,,,,,,,,,,,,,,0,,,,,,
,,,,,,,,,,,,,,,,,0,,,,,,
,,,,,,,,,,,,,,,,,0,,,,,,
,,,,,,,,,,,,,,,,,0,,,,,,
,,,,,,,,,,,,,,,,,0,,,,,,
,,,,,,,,,,,,,,,,,0,,,,,,
,,,,,,,,,,,,,,,,,0,,,,,,
,,,,,,,,,,,,,,,,,0,,,,,,
,,,,,,,,,,,,,,,,,0,,,,,,
,,,,,,,,,,,,,,,,,0,,,,,,
,,,,,,,,,,,,,,,,,0,,,,,,
,,,,,,,,,,,,,,,,,0,,,,,,
,,,,,,,,,,,,,,,,,0,,,,,,
,,,,,,,,,,,,,,,,,0,,,,,,
,,,,,,,,,,,,,,,,,0,,,,,,
,,,,,,,,,,,,,,,,,0,,,,,,
,,,,,,,,,,,,,,,,,0,,,,,,
,,,,,,,,,,,,,,,,,0,,,,,,
,,,,,,,,,,,,,,,,,0,,,,,,
,,,,,,,,,,,,,,,,,0,,,,,,
,,,,,,,,,,,,,,,,,0,,,,,,
,,,,,,,,,,,,,,,,,0,,,,,,
,,,,,,,,,,,,,,,,,0,,,,,,
,,,,,,,,,,,,,,,,,0,,,,,,
,,,,,,,,,,,,,,,,,0,,,,,,
,,,,,,,,,,,,,,,,,0,,,,,,
,,,,,,,,,,,,,,,,,0,,,,,,
,,,,,,,,,,,,,,,,,0,,,,,,
,,,,,,,,,,,,,,,,,0,,,,,,
,,,,,,,,,,,,,,,,,0,,,,,,
,,,,,,,,,,,,,,,,,0,,,,,,
,,,,,,,,,,,,,,,,,0,,,,,,
,,,,,,,,,,,,,,,,,0,,,,,,
,,,,,,,,,,,,,,,,,0,,,,,,
,,,,,,,,,,,,,,,,,0,,,,,,
,,,,,,,,,,,,,,,,,0,,,,,,
,,,,,,,,,,,,,,,,,0,,,,,,
,,,,,,,,,,,,,,,,,0,,,,,,
,,,,,,,,,,,,,,,,,0,,,,,,
,,,,,,,,,,,,,,,,,0,,,,,,
,,,,,,,,,,,,,,,,,0,,,,,,
,,,,,,,,,,,,,,,,,0,,,,,,
,,,,,,,,,,,,,,,,,0,,,,,,
,,,,,,,,,,,,,,,,,0,,,,,,
,,,,,,,,,,,,,,,,,0,,,,,,
,,,,,,,,,,,,,,,,,0,,,,,,
,,,,,,,,,,,,,,,,,0,,,,,,
,,,,,,,,,,,,,,,,,0,,,,,,
,,,,,,,,,,,,,,,,,0,,,,,,
,,,,,,,,,,,,,,,,,0,,,,,,
,,,,,,,,,,,,,,,,,0,,,,,,
,,,,,,,,,,,,,,,,,0,,,,,,
,,,,,,,,,,,,,,,,,0,,,,,,
,,,,,,,,,,,,,,,,,0,,,,,,
,,,,,,,,,,,,,,,,,0,,,,,,
,,,,,,,,,,,,,,,,,0,,,,,,
,,,,,,,,,,,,,,,,,0,,,,,,
,,,,,,,,,,,,,,,,,0,,,,,,
,,,,,,,,,,,,,,,,,0,,,,,,
,,,,,,,,,,,,,,,,,0,,,,,,
,,,,,,,,,,,,,,,,,0,,,,,,
,,,,,,,,,,,,,,,,,0,,,,,,
,,,,,,,,,,,,,,,,,0,,,,,,
,,,,,,,,,,,,,,,,,0,,,,,,
,,,,,,,,,,,,,,,,,0,,,,,,
,,,,,,,,,,,,,,,,,0,,,,,,
,,,,,,,,,,,,,,,,,0,,,,,,
,,,,,,,,,,,,,,,,,0,,,,,,
,,,,,,,,,,,,,,,,,0,,,,,,
,,,,,,,,,,,,,,,,,0,,,,,,
,,,,,,,,,,,,,,,,,0,,,,,,
,,,,,,,,,,,,,,,,,0,,,,,,
,,,,,,,,,,,,,,,,,0,,,,,,
,,,,,,,,,,,,,,,,,0,,,,,,
,,,,,,,,,,,,,,,,,0,,,,,,
,,,,,,,,,,,,,,,,,0,,,,,,
,,,,,,,,,,,,,,,,,0,,,,,,
,,,,,,,,,,,,,,,,,0,,,,,,
,,,,,,,,,,,,,,,,,0,,,,,,
,,,,,,,,,,,,,,,,,0,,,,,,
,,,,,,,,,,,,,,,,,0,,,,,,
,,,,,,,,,,,,,,,,,0,,,,,,
,,,,,,,,,,,,,,,,,0,,,,,,
,,,,,,,,,,,,,,,,,0,,,,,,
,,,,,,,,,,,,,,,,,0,,,,,,
,,,,,,,,,,,,,,,,,0,,,,,,
,,,,,,,,,,,,,,,,,0,,,,,,
,,,,,,,,,,,,,,,,,0,,,,,,
,,,,,,,,,,,,,,,,,0,,,,,,
,,,,,,,,,,,,,,,,,0,,,,,,
,,,,,,,,,,,,,,,,,0,,,,,,
,,,,,,,,,,,,,,,,,0,,,,,,
,,,,,,,,,,,,,,,,,0,,,,,,
,,,,,,,,,,,,,,,,,0,,,,,,
,,,,,,,,,,,,,,,,,0,,,,,,
,,,,,,,,,,,,,,,,,0,,,,,,
,,,,,,,,,,,,,,,,,0,,,,,,
,,,,,,,,,,,,,,,,,0,,,,,,
,,,,,,,,,,,,,,,,,0,,,,,,
,,,,,,,,,,,,,,,,,0,,,,,,
,,,,,,,,,,,,,,,,,0,,,,,,
,,,,,,,,,,,,,,,,,0,,,,,,
,,,,,,,,,,,,,,,,,0,,,,,,
,,,,,,,,,,,,,,,,,0,,,,,,
,,,,,,,,,,,,,,,,,0,,,,,,
,,,,,,,,,,,,,,,,,0,,,,,,
,,,,,,,,,,,,,,,,,0,,,,,,
,,,,,,,,,,,,,,,,,0,,,,,,
,,,,,,,,,,,,,,,,,0,,,,,,
,,,,,,,,,,,,,,,,,0,,,,,,
,,,,,,,,,,,,,,,,,0,,,,,,
,,,,,,,,,,,,,,,,,0,,,,,,
,,,,,,,,,,,,,,,,,0,,,,,,
,,,,,,,,,,,,,,,,,0,,,,,,
,,,,,,,,,,,,,,,,,0,,,,,,
,,,,,,,,,,,,,,,,,0,,,,,,
,,,,,,,,,,,,,,,,,0,,,,,,
,,,,,,,,,,,,,,,,,0,,,,,,
,,,,,,,,,,,,,,,,,0,,,,,,
,,,,,,,,,,,,,,,,,0,,,,,,
,,,,,,,,,,,,,,,,,0,,,,,,
,,,,,,,,,,,,,,,,,0,,,,,,
,,,,,,,,,,,,,,,,,0,,,,,,
,,,,,,,,,,,,,,,,,0,,,,,,
,,,,,,,,,,,,,,,,,0,,,,,,
,,,,,,,,,,,,,,,,,0,,,,,,
,,,,,,,,,,,,,,,,,0,,,,,,
,,,,,,,,,,,,,,,,,0,,,,,,
,,,,,,,,,,,,,,,,,0,,,,,,
,,,,,,,,,,,,,,,,,0,,,,,,
,,,,,,,,,,,,,,,,,0,,,,,,
,,,,,,,,,,,,,,,,,0,,,,,,
,,,,,,,,,,,,,,,,,0,,,,,,
,,,,,,,,,,,,,,,,,0,,,,,,
,,,,,,,,,,,,,,,,,0,,,,,,
,,,,,,,,,,,,,,,,,0,,,,,,
,,,,,,,,,,,,,,,,,0,,,,,,
,,,,,,,,,,,,,,,,,0,,,,,,
,,,,,,,,,,,,,,,,,0,,,,,,
,,,,,,,,,,,,,,,,,0,,,,,,
,,,,,,,,,,,,,,,,,0,,,,,,
,,,,,,,,,,,,,,,,,0,,,,,,
,,,,,,,,,,,,,,,,,0,,,,,,
,,,,,,,,,,,,,,,,,0,,,,,,
,,,,,,,,,,,,,,,,,0,,,,,,
,,,,,,,,,,,,,,,,,0,,,,,,
,,,,,,,,,,,,,,,,,0,,,,,,
,,,,,,,,,,,,,,,,,0,,,,,,
,,,,,,,,,,,,,,,,,0,,,,,,
,,,,,,,,,,,,,,,,,0,,,,,,
,,,,,,,,,,,,,,,,,0,,,,,,
,,,,,,,,,,,,,,,,,0,,,,,,
,,,,,,,,,,,,,,,,,0,,,,,,
,,,,,,,,,,,,,,,,,0,,,,,,
,,,,,,,,,,,,,,,,,0,,,,,,
,,,,,,,,,,,,,,,,,0,,,,,,
,,,,,,,,,,,,,,,,,0,,,,,,
,,,,,,,,,,,,,,,,,0,,,,,,
,,,,,,,,,,,,,,,,,0,,,,,,
,,,,,,,,,,,,,,,,,0,,,,,,
,,,,,,,,,,,,,,,,,0,,,,,,
,,,,,,,,,,,,,,,,,0,,,,,,
,,,,,,,,,,,,,,,,,0,,,,,,
,,,,,,,,,,,,,,,,,0,,,,,,
,,,,,,,,,,,,,,,,,0,,,,,,
,,,,,,,,,,,,,,,,,0,,,,,,
,,,,,,,,,,,,,,,,,0,,,,,,
,,,,,,,,,,,,,,,,,0,,,,,,
,,,,,,,,,,,,,,,,,0,,,,,,
,,,,,,,,,,,,,,,,,0,,,,,,
,,,,,,,,,,,,,,,,,0,,,,,,
,,,,,,,,,,,,,,,,,0,,,,,,
,,,,,,,,,,,,,,,,,0,,,,,,
,,,,,,,,,,,,,,,,,0,,,,,,
,,,,,,,,,,,,,,,,,0,,,,,,
,,,,,,,,,,,,,,,,,0,,,,,,
,,,,,,,,,,,,,,,,,0,,,,,,
,,,,,,,,,,,,,,,,,0,,,,,,
,,,,,,,,,,,,,,,,,0,,,,,,
,,,,,,,,,,,,,,,,,0,,,,,,
,,,,,,,,,,,,,,,,,0,,,,,,
,,,,,,,,,,,,,,,,,0,,,,,,
,,,,,,,,,,,,,,,,,0,,,,,,
,,,,,,,,,,,,,,,,,0,,,,,,
,,,,,,,,,,,,,,,,,0,,,,,,
,,,,,,,,,,,,,,,,,0,,,,,,
,,,,,,,,,,,,,,,,,0,,,,,,
,,,,,,,,,,,,,,,,,0,,,,,,
,,,,,,,,,,,,,,,,,0,,,,,,
,,,,,,,,,,,,,,,,,0,,,,,,
,,,,,,,,,,,,,,,,,0,,,,,,
,,,,,,,,,,,,,,,,,0,,,,,,
,,,,,,,,,,,,,,,,,0,,,,,,
,,,,,,,,,,,,,,,,,0,,,,,,
,,,,,,,,,,,,,,,,,0,,,,,,
,,,,,,,,,,,,,,,,,0,,,,,,
,,,,,,,,,,,,,,,,,0,,,,,,
,,,,,,,,,,,,,,,,,0,,,,,,
,,,,,,,,,,,,,,,,,0,,,,,,
,,,,,,,,,,,,,,,,,0,,,,,,
,,,,,,,,,,,,,,,,,0,,,,,,
,,,,,,,,,,,,,,,,,0,,,,,,
,,,,,,,,,,,,,,,,,0,,,,,,
,,,,,,,,,,,,,,,,,0,,,,,,
,,,,,,,,,,,,,,,,,0,,,,,,
,,,,,,,,,,,,,,,,,0,,,,,,
,,,,,,,,,,,,,,,,,0,,,,,,
,,,,,,,,,,,,,,,,,0,,,,,,
,,,,,,,,,,,,,,,,,0,,,,,,
,,,,,,,,,,,,,,,,,0,,,,,,
,,,,,,,,,,,,,,,,,0,,,,,,
,,,,,,,,,,,,,,,,,0,,,,,,
,,,,,,,,,,,,,,,,,0,,,,,,
,,,,,,,,,,,,,,,,,0,,,,,,
,,,,,,,,,,,,,,,,,0,,,,,,
,,,,,,,,,,,,,,,,,0,,,,,,
,,,,,,,,,,,,,,,,,0,,,,,,
,,,,,,,,,,,,,,,,,0,,,,,,
,,,,,,,,,,,,,,,,,0,,,,,,
,,,,,,,,,,,,,,,,,0,,,,,,
,,,,,,,,,,,,,,,,,0,,,,,,
,,,,,,,,,,,,,,,,,0,,,,,,
,,,,,,,,,,,,,,,,,0,,,,,,
,,,,,,,,,,,,,,,,,0,,,,,,
,,,,,,,,,,,,,,,,,0,,,,,,
,,,,,,,,,,,,,,,,,0,,,,,,
,,,,,,,,,,,,,,,,,0,,,,,,
,,,,,,,,,,,,,,,,,0,,,,,,
,,,,,,,,,,,,,,,,,0,,,,,,
,,,,,,,,,,,,,,,,,0,,,,,,
,,,,,,,,,,,,,,,,,0,,,,,,
,,,,,,,,,,,,,,,,,0,,,,,,
,,,,,,,,,,,,,,,,,0,,,,,,
,,,,,,,,,,,,,,,,,0,,,,,,
,,,,,,,,,,,,,,,,,0,,,,,,
,,,,,,,,,,,,,,,,,0,,,,,,
,,,,,,,,,,,,,,,,,0,,,,,,
,,,,,,,,,,,,,,,,,0,,,,,,
,,,,,,,,,,,,,,,,,0,,,,,,
,,,,,,,,,,,,,,,,,0,,,,,,
,,,,,,,,,,,,,,,,,0,,,,,,
,,,,,,,,,,,,,,,,,0,,,,,,
,,,,,,,,,,,,,,,,,0,,,,,,
,,,,,,,,,,,,,,,,,0,,,,,,
,,,,,,,,,,,,,,,,,0,,,,,,
,,,,,,,,,,,,,,,,,0,,,,,,
,,,,,,,,,,,,,,,,,0,,,,,,
,,,,,,,,,,,,,,,,,0,,,,,,
,,,,,,,,,,,,,,,,,0,,,,,,
,,,,,,,,,,,,,,,,,0,,,,,,
,,,,,,,,,,,,,,,,,0,,,,,,
,,,,,,,,,,,,,,,,,0,,,,,,
,,,,,,,,,,,,,,,,,0,,,,,,
,,,,,,,,,,,,,,,,,0,,,,,,
,,,,,,,,,,,,,,,,,0,,,,,,
,,,,,,,,,,,,,,,,,0,,,,,,
,,,,,,,,,,,,,,,,,0,,,,,,
,,,,,,,,,,,,,,,,,0,,,,,,
,,,,,,,,,,,,,,,,,0,,,,,,
,,,,,,,,,,,,,,,,,0,,,,,,
,,,,,,,,,,,,,,,,,0,,,,,,
,,,,,,,,,,,,,,,,,0,,,,,,
,,,,,,,,,,,,,,,,,0,,,,,,
,,,,,,,,,,,,,,,,,0,,,,,,
,,,,,,,,,,,,,,,,,0,,,,,,
,,,,,,,,,,,,,,,,,0,,,,,,
,,,,,,,,,,,,,,,,,0,,,,,,
,,,,,,,,,,,,,,,,,0,,,,,,
,,,,,,,,,,,,,,,,,0,,,,,,
,,,,,,,,,,,,,,,,,0,,,,,,
,,,,,,,,,,,,,,,,,0,,,,,,
,,,,,,,,,,,,,,,,,0,,,,,,
,,,,,,,,,,,,,,,,,0,,,,,,
,,,,,,,,,,,,,,,,,0,,,,,,
,,,,,,,,,,,,,,,,,0,,,,,,
,,,,,,,,,,,,,,,,,0,,,,,,
,,,,,,,,,,,,,,,,,0,,,,,,
,,,,,,,,,,,,,,,,,0,,,,,,
,,,,,,,,,,,,,,,,,0,,,,,,
,,,,,,,,,,,,,,,,,0,,,,,,
,,,,,,,,,,,,,,,,,0,,,,,,
,,,,,,,,,,,,,,,,,0,,,,,,
,,,,,,,,,,,,,,,,,0,,,,,,
,,,,,,,,,,,,,,,,,0,,,,,,
,,,,,,,,,,,,,,,,,0,,,,,,
,,,,,,,,,,,,,,,,,0,,,,,,
,,,,,,,,,,,,,,,,,0,,,,,,
,,,,,,,,,,,,,,,,,0,,,,,,
,,,,,,,,,,,,,,,,,0,,,,,,
,,,,,,,,,,,,,,,,,0,,,,,,
,,,,,,,,,,,,,,,,,0,,,,,,
,,,,,,,,,,,,,,,,,0,,,,,,
,,,,,,,,,,,,,,,,,0,,,,,,
,,,,,,,,,,,,,,,,,0,,,,,,
,,,,,,,,,,,,,,,,,0,,,,,,
,,,,,,,,,,,,,,,,,0,,,,,,
,,,,,,,,,,,,,,,,,0,,,,,,
,,,,,,,,,,,,,,,,,0,,,,,,
,,,,,,,,,,,,,,,,,0,,,,,,
,,,,,,,,,,,,,,,,,0,,,,,,
,,,,,,,,,,,,,,,,,0,,,,,,
,,,,,,,,,,,,,,,,,0,,,,,,
,,,,,,,,,,,,,,,,,0,,,,,,
,,,,,,,,,,,,,,,,,0,,,,,,
,,,,,,,,,,,,,,,,,0,,,,,,
,,,,,,,,,,,,,,,,,0,,,,,,
,,,,,,,,,,,,,,,,,0,,,,,,
,,,,,,,,,,,,,,,,,0,,,,,,
,,,,,,,,,,,,,,,,,0,,,,,,
,,,,,,,,,,,,,,,,,0,,,,,,
,,,,,,,,,,,,,,,,,0,,,,,,
,,,,,,,,,,,,,,,,,0,,,,,,
,,,,,,,,,,,,,,,,,0,,,,,,
,,,,,,,,,,,,,,,,,0,,,,,,
,,,,,,,,,,,,,,,,,0,,,,,,
,,,,,,,,,,,,,,,,,0,,,,,,
,,,,,,,,,,,,,,,,,0,,,,,,
,,,,,,,,,,,,,,,,,0,,,,,,
,,,,,,,,,,,,,,,,,0,,,,,,
,,,,,,,,,,,,,,,,,0,,,,,,
,,,,,,,,,,,,,,,,,0,,,,,,
,,,,,,,,,,,,,,,,,0,,,,,,
,,,,,,,,,,,,,,,,,0,,,,,,
,,,,,,,,,,,,,,,,,0,,,,,,
,,,,,,,,,,,,,,,,,0,,,,,,
,,,,,,,,,,,,,,,,,0,,,,,,
,,,,,,,,,,,,,,,,,0,,,,,,
,,,,,,,,,,,,,,,,,0,,,,,,
,,,,,,,,,,,,,,,,,0,,,,,,
,,,,,,,,,,,,,,,,,0,,,,,,
,,,,,,,,,,,,,,,,,0,,,,,,
,,,,,,,,,,,,,,,,,0,,,,,,
,,,,,,,,,,,,,,,,,0,,,,,,
,,,,,,,,,,,,,,,,,0,,,,,,
,,,,,,,,,,,,,,,,,0,,,,,,
,,,,,,,,,,,,,,,,,0,,,,,,
,,,,,,,,,,,,,,,,,0,,,,,,
,,,,,,,,,,,,,,,,,0,,,,,,
,,,,,,,,,,,,,,,,,0,,,,,,
,,,,,,,,,,,,,,,,,0,,,,,,
,,,,,,,,,,,,,,,,,0,,,,,,
,,,,,,,,,,,,,,,,,0,,,,,,
,,,,,,,,,,,,,,,,,0,,,,,,
,,,,,,,,,,,,,,,,,0,,,,,,
,,,,,,,,,,,,,,,,,0,,,,,,
,,,,,,,,,,,,,,,,,0,,,,,,
,,,,,,,,,,,,,,,,,0,,,,,,
,,,,,,,,,,,,,,,,,0,,,,,,
,,,,,,,,,,,,,,,,,0,,,,,,
,,,,,,,,,,,,,,,,,0,,,,,,
,,,,,,,,,,,,,,,,,0,,,,,,
,,,,,,,,,,,,,,,,,0,,,,,,
,,,,,,,,,,,,,,,,,0,,,,,,
,,,,,,,,,,,,,,,,,0,,,,,,
,,,,,,,,,,,,,,,,,0,,,,,,
,,,,,,,,,,,,,,,,,0,,,,,,
,,,,,,,,,,,,,,,,,0,,,,,,
,,,,,,,,,,,,,,,,,0,,,,,,
,,,,,,,,,,,,,,,,,0,,,,,,
,,,,,,,,,,,,,,,,,0,,,,,,
,,,,,,,,,,,,,,,,,0,,,,,,
,,,,,,,,,,,,,,,,,0,,,,,,
,,,,,,,,,,,,,,,,,0,,,,,,
,,,,,,,,,,,,,,,,,0,,,,,,
,,,,,,,,,,,,,,,,,0,,,,,,
,,,,,,,,,,,,,,,,,0,,,,,,
,,,,,,,,,,,,,,,,,0,,,,,,
,,,,,,,,,,,,,,,,,0,,,,,,
,,,,,,,,,,,,,,,,,0,,,,,,
,,,,,,,,,,,,,,,,,0,,,,,,
,,,,,,,,,,,,,,,,,0,,,,,,
,,,,,,,,,,,,,,,,,0,,,,,,
,,,,,,,,,,,,,,,,,0,,,,,,
,,,,,,,,,,,,,,,,,0,,,,,,
,,,,,,,,,,,,,,,,,0,,,,,,
,,,,,,,,,,,,,,,,,0,,,,,,
,,,,,,,,,,,,,,,,,0,,,,,,
,,,,,,,,,,,,,,,,,0,,,,,,
,,,,,,,,,,,,,,,,,0,,,,,,
,,,,,,,,,,,,,,,,,0,,,,,,
,,,,,,,,,,,,,,,,,0,,,,,,
,,,,,,,,,,,,,,,,,0,,,,,,
,,,,,,,,,,,,,,,,,0,,,,,,
,,,,,,,,,,,,,,,,,0,,,,,,
,,,,,,,,,,,,,,,,,0,,,,,,
,,,,,,,,,,,,,,,,,0,,,,,,
,,,,,,,,,,,,,,,,,0,,,,,,
,,,,,,,,,,,,,,,,,0,,,,,,
,,,,,,,,,,,,,,,,,0,,,,,,
,,,,,,,,,,,,,,,,,0,,,,,,
,,,,,,,,,,,,,,,,,0,,,,,,
,,,,,,,,,,,,,,,,,0,,,,,,
,,,,,,,,,,,,,,,,,0,,,,,,
,,,,,,,,,,,,,,,,,0,,,,,,
,,,,,,,,,,,,,,,,,0,,,,,,
,,,,,,,,,,,,,,,,,0,,,,,,
,,,,,,,,,,,,,,,,,0,,,,,,
,,,,,,,,,,,,,,,,,0,,,,,,
,,,,,,,,,,,,,,,,,0,,,,,,
,,,,,,,,,,,,,,,,,0,,,,,,
,,,,,,,,,,,,,,,,,0,,,,,,
,,,,,,,,,,,,,,,,,0,,,,,,
,,,,,,,,,,,,,,,,,0,,,,,,
,,,,,,,,,,,,,,,,,0,,,,,,
,,,,,,,,,,,,,,,,,0,,,,,,
,,,,,,,,,,,,,,,,,0,,,,,,
,,,,,,,,,,,,,,,,,0,,,,,,
,,,,,,,,,,,,,,,,,0,,,,,,
,,,,,,,,,,,,,,,,,0,,,,,,
,,,,,,,,,,,,,,,,,0,,,,,,
,,,,,,,,,,,,,,,,,0,,,,,,
,,,,,,,,,,,,,,,,,0,,,,,,
,,,,,,,,,,,,,,,,,0,,,,,,
,,,,,,,,,,,,,,,,,0,,,,,,
,,,,,,,,,,,,,,,,,0,,,,,,
,,,,,,,,,,,,,,,,,0,,,,,,
,,,,,,,,,,,,,,,,,0,,,,,,
,,,,,,,,,,,,,,,,,0,,,,,,
,,,,,,,,,,,,,,,,,0,,,,,,
,,,,,,,,,,,,,,,,,0,,,,,,
,,,,,,,,,,,,,,,,,0,,,,,,
,,,,,,,,,,,,,,,,,0,,,,,,
,,,,,,,,,,,,,,,,,0,,,,,,
,,,,,,,,,,,,,,,,,0,,,,,,
,,,,,,,,,,,,,,,,,0,,,,,,
,,,,,,,,,,,,,,,,,0,,,,,,
,,,,,,,,,,,,,,,,,0,,,,,,
,,,,,,,,,,,,,,,,,0,,,,,,
,,,,,,,,,,,,,,,,,0,,,,,,
,,,,,,,,,,,,,,,,,0,,,,,,
,,,,,,,,,,,,,,,,,0,,,,,,
,,,,,,,,,,,,,,,,,0,,,,,,
,,,,,,,,,,,,,,,,,0,,,,,,
,,,,,,,,,,,,,,,,,0,,,,,,
,,,,,,,,,,,,,,,,,0,,,,,,
,,,,,,,,,,,,,,,,,0,,,,,,
,,,,,,,,,,,,,,,,,0,,,,,,
,,,,,,,,,,,,,,,,,0,,,,,,
,,,,,,,,,,,,,,,,,0,,,,,,
,,,,,,,,,,,,,,,,,0,,,,,,
,,,,,,,,,,,,,,,,,0,,,,,,
,,,,,,,,,,,,,,,,,0,,,,,,
,,,,,,,,,,,,,,,,,0,,,,,,
,,,,,,,,,,,,,,,,,0,,,,,,
,,,,,,,,,,,,,,,,,0,,,,,,
,,,,,,,,,,,,,,,,,0,,,,,,
,,,,,,,,,,,,,,,,,0,,,,,,
,,,,,,,,,,,,,,,,,0,,,,,,
,,,,,,,,,,,,,,,,,0,,,,,,
,,,,,,,,,,,,,,,,,0,,,,,,
,,,,,,,,,,,,,,,,,0,,,,,,
,,,,,,,,,,,,,,,,,0,,,,,,
,,,,,,,,,,,,,,,,,0,,,,,,
,,,,,,,,,,,,,,,,,0,,,,,,
,,,,,,,,,,,,,,,,,0,,,,,,
,,,,,,,,,,,,,,,,,0,,,,,,
,,,,,,,,,,,,,,,,,0,,,,,,
,,,,,,,,,,,,,,,,,0,,,,,,
,,,,,,,,,,,,,,,,,0,,,,,,
,,,,,,,,,,,,,,,,,0,,,,,,
,,,,,,,,,,,,,,,,,0,,,,,,
,,,,,,,,,,,,,,,,,0,,,,,,
,,,,,,,,,,,,,,,,,0,,,,,,
,,,,,,,,,,,,,,,,,0,,,,,,
,,,,,,,,,,,,,,,,,0,,,,,,
,,,,,,,,,,,,,,,,,0,,,,,,
,,,,,,,,,,,,,,,,,0,,,,,,
,,,,,,,,,,,,,,,,,0,,,,,,
,,,,,,,,,,,,,,,,,0,,,,,,
,,,,,,,,,,,,,,,,,0,,,,,,
,,,,,,,,,,,,,,,,,0,,,,,,
,,,,,,,,,,,,,,,,,0,,,,,,
,,,,,,,,,,,,,,,,,0,,,,,,
,,,,,,,,,,,,,,,,,0,,,,,,
,,,,,,,,,,,,,,,,,0,,,,,,
,,,,,,,,,,,,,,,,,0,,,,,,
,,,,,,,,,,,,,,,,,0,,,,,,
,,,,,,,,,,,,,,,,,0,,,,,,
,,,,,,,,,,,,,,,,,0,,,,,,
,,,,,,,,,,,,,,,,,0,,,,,,
,,,,,,,,,,,,,,,,,0,,,,,,
,,,,,,,,,,,,,,,,,0,,,,,,
,,,,,,,,,,,,,,,,,0,,,,,,
,,,,,,,,,,,,,,,,,0,,,,,,
,,,,,,,,,,,,,,,,,0,,,,,,
,,,,,,,,,,,,,,,,,0,,,,,,
,,,,,,,,,,,,,,,,,0,,,,,,
,,,,,,,,,,,,,,,,,0,,,,,,
,,,,,,,,,,,,,,,,,0,,,,,,
,,,,,,,,,,,,,,,,,0,,,,,,
,,,,,,,,,,,,,,,,,0,,,,,,
,,,,,,,,,,,,,,,,,0,,,,,,
,,,,,,,,,,,,,,,,,0,,,,,,
,,,,,,,,,,,,,,,,,0,,,,,,
,,,,,,,,,,,,,,,,,0,,,,,,
,,,,,,,,,,,,,,,,,0,,,,,,
,,,,,,,,,,,,,,,,,0,,,,,,
,,,,,,,,,,,,,,,,,0,,,,,,
,,,,,,,,,,,,,,,,,0,,,,,,
,,,,,,,,,,,,,,,,,0,,,,,,
,,,,,,,,,,,,,,,,,0,,,,,,
,,,,,,,,,,,,,,,,,0,,,,,,
,,,,,,,,,,,,,,,,,0,,,,,,
,,,,,,,,,,,,,,,,,0,,,,,,
,,,,,,,,,,,,,,,,,0,,,,,,
,,,,,,,,,,,,,,,,,0,,,,,,
,,,,,,,,,,,,,,,,,0,,,,,,
,,,,,,,,,,,,,,,,,0,,,,,,
,,,,,,,,,,,,,,,,,0,,,,,,
,,,,,,,,,,,,,,,,,0,,,,,,
,,,,,,,,,,,,,,,,,0,,,,,,
,,,,,,,,,,,,,,,,,0,,,,,,
,,,,,,,,,,,,,,,,,0,,,,,,
,,,,,,,,,,,,,,,,,0,,,,,,
,,,,,,,,,,,,,,,,,0,,,,,,
,,,,,,,,,,,,,,,,,0,,,,,,
,,,,,,,,,,,,,,,,,0,,,,,,
,,,,,,,,,,,,,,,,,0,,,,,,
,,,,,,,,,,,,,,,,,0,,,,,,
,,,,,,,,,,,,,,,,,0,,,,,,
,,,,,,,,,,,,,,,,,0,,,,,,
,,,,,,,,,,,,,,,,,0,,,,,,
,,,,,,,,,,,,,,,,,0,,,,,,
,,,,,,,,,,,,,,,,,0,,,,,,
,,,,,,,,,,,,,,,,,0,,,,,,
,,,,,,,,,,,,,,,,,0,,,,,,
,,,,,,,,,,,,,,,,,0,,,,,,
,,,,,,,,,,,,,,,,,0,,,,,,
,,,,,,,,,,,,,,,,,0,,,,,,
,,,,,,,,,,,,,,,,,0,,,,,,
,,,,,,,,,,,,,,,,,0,,,,,,
,,,,,,,,,,,,,,,,,0,,,,,,
,,,,,,,,,,,,,,,,,0,,,,,,
,,,,,,,,,,,,,,,,,0,,,,,,
,,,,,,,,,,,,,,,,,0,,,,,,
,,,,,,,,,,,,,,,,,0,,,,,,
,,,,,,,,,,,,,,,,,0,,,,,,
,,,,,,,,,,,,,,,,,0,,,,,,
,,,,,,,,,,,,,,,,,0,,,,,,
,,,,,,,,,,,,,,,,,0,,,,,,
,,,,,,,,,,,,,,,,,0,,,,,,
,,,,,,,,,,,,,,,,,0,,,,,,
,,,,,,,,,,,,,,,,,0,,,,,,
,,,,,,,,,,,,,,,,,0,,,,,,
,,,,,,,,,,,,,,,,,0,,,,,,
,,,,,,,,,,,,,,,,,0,,,,,,
,,,,,,,,,,,,,,,,,0,,,,,,
,,,,,,,,,,,,,,,,,0,,,,,,
,,,,,,,,,,,,,,,,,0,,,,,,
,,,,,,,,,,,,,,,,,0,,,,,,
,,,,,,,,,,,,,,,,,0,,,,,,
,,,,,,,,,,,,,,,,,0,,,,,,
,,,,,,,,,,,,,,,,,0,,,,,,
,,,,,,,,,,,,,,,,,0,,,,,,
,,,,,,,,,,,,,,,,,0,,,,,,
,,,,,,,,,,,,,,,,,0,,,,,,
,,,,,,,,,,,,,,,,,0,,,,,,
,,,,,,,,,,,,,,,,,0,,,,,,
,,,,,,,,,,,,,,,,,0,,,,,,
,,,,,,,,,,,,,,,,,0,,,,,,
,,,,,,,,,,,,,,,,,0,,,,,,
,,,,,,,,,,,,,,,,,0,,,,,,
,,,,,,,,,,,,,,,,,0,,,,,,
,,,,,,,,,,,,,,,,,0,,,,,,
,,,,,,,,,,,,,,,,,0,,,,,,
,,,,,,,,,,,,,,,,,0,,,,,,
,,,,,,,,,,,,,,,,,0,,,,,,
,,,,,,,,,,,,,,,,,0,,,,,,
,,,,,,,,,,,,,,,,,0,,,,,,
,,,,,,,,,,,,,,,,,0,,,,,,
,,,,,,,,,,,,,,,,,0,,,,,,
,,,,,,,,,,,,,,,,,0,,,,,,
,,,,,,,,,,,,,,,,,0,,,,,,
,,,,,,,,,,,,,,,,,0,,,,,,
,,,,,,,,,,,,,,,,,0,,,,,,
,,,,,,,,,,,,,,,,,0,,,,,,
,,,,,,,,,,,,,,,,,0,,,,,,
,,,,,,,,,,,,,,,,,0,,,,,,
,,,,,,,,,,,,,,,,,0,,,,,,
,,,,,,,,,,,,,,,,,0,,,,,,
,,,,,,,,,,,,,,,,,0,,,,,,
,,,,,,,,,,,,,,,,,0,,,,,,
,,,,,,,,,,,,,,,,,0,,,,,,
,,,,,,,,,,,,,,,,,0,,,,,,
,,,,,,,,,,,,,,,,,0,,,,,,
,,,,,,,,,,,,,,,,,0,,,,,,
,,,,,,,,,,,,,,,,,0,,,,,,
,,,,,,,,,,,,,,,,,0,,,,,,
,,,,,,,,,,,,,,,,,0,,,,,,
,,,,,,,,,,,,,,,,,0,,,,,,
,,,,,,,,,,,,,,,,,0,,,,,,
,,,,,,,,,,,,,,,,,0,,,,,,
,,,,,,,,,,,,,,,,,0,,,,,,
,,,,,,,,,,,,,,,,,0,,,,,,
,,,,,,,,,,,,,,,,,0,,,,,,
,,,,,,,,,,,,,,,,,0,,,,,,
,,,,,,,,,,,,,,,,,0,,,,,,
,,,,,,,,,,,,,,,,,0,,,,,,
,,,,,,,,,,,,,,,,,0,,,,,,
,,,,,,,,,,,,,,,,,0,,,,,,
,,,,,,,,,,,,,,,,,0,,,,,,
,,,,,,,,,,,,,,,,,0,,,,,,
,,,,,,,,,,,,,,,,,0,,,,,,
,,,,,,,,,,,,,,,,,0,,,,,,
,,,,,,,,,,,,,,,,,0,,,,,,
,,,,,,,,,,,,,,,,,0,,,,,,
,,,,,,,,,,,,,,,,,0,,,,,,
,,,,,,,,,,,,,,,,,0,,,,,,
,,,,,,,,,,,,,,,,,0,,,,,,
,,,,,,,,,,,,,,,,,0,,,,,,
,,,,,,,,,,,,,,,,,0,,,,,,
,,,,,,,,,,,,,,,,,0,,,,,,
,,,,,,,,,,,,,,,,,0,,,,,,
,,,,,,,,,,,,,,,,,0,,,,,,
,,,,,,,,,,,,,,,,,0,,,,,,
,,,,,,,,,,,,,,,,,0,,,,,,
,,,,,,,,,,,,,,,,,0,,,,,,
,,,,,,,,,,,,,,,,,0,,,,,,
,,,,,,,,,,,,,,,,,0,,,,,,
,,,,,,,,,,,,,,,,,0,,,,,,
,,,,,,,,,,,,,,,,,0,,,,,,
,,,,,,,,,,,,,,,,,0,,,,,,
,,,,,,,,,,,,,,,,,0,,,,,,
,,,,,,,,,,,,,,,,,0,,,,,,
,,,,,,,,,,,,,,,,,0,,,,,,
,,,,,,,,,,,,,,,,,0,,,,,,
,,,,,,,,,,,,,,,,,0,,,,,,
,,,,,,,,,,,,,,,,,0,,,,,,
,,,,,,,,,,,,,,,,,0,,,,,,
,,,,,,,,,,,,,,,,,0,,,,,,
,,,,,,,,,,,,,,,,,0,,,,,,
,,,,,,,,,,,,,,,,,0,,,,,,
,,,,,,,,,,,,,,,,,0,,,,,,
,,,,,,,,,,,,,,,,,0,,,,,,
,,,,,,,,,,,,,,,,,0,,,,,,
,,,,,,,,,,,,,,,,,0,,,,,,
,,,,,,,,,,,,,,,,,0,,,,,,
,,,,,,,,,,,,,,,,,0,,,,,,
,,,,,,,,,,,,,,,,,0,,,,,,
,,,,,,,,,,,,,,,,,0,,,,,,
,,,,,,,,,,,,,,,,,0,,,,,,
,,,,,,,,,,,,,,,,,0,,,,,,
,,,,,,,,,,,,,,,,,0,,,,,,
,,,,,,,,,,,,,,,,,0,,,,,,
,,,,,,,,,,,,,,,,,0,,,,,,
,,,,,,,,,,,,,,,,,0,,,,,,
,,,,,,,,,,,,,,,,,0,,,,,,
,,,,,,,,,,,,,,,,,0,,,,,,
,,,,,,,,,,,,,,,,,0,,,,,,
,,,,,,,,,,,,,,,,,0,,,,,,
,,,,,,,,,,,,,,,,,0,,,,,,
,,,,,,,,,,,,,,,,,0,,,,,,
,,,,,,,,,,,,,,,,,0,,,,,,
,,,,,,,,,,,,,,,,,0,,,,,,
,,,,,,,,,,,,,,,,,0,,,,,,
,,,,,,,,,,,,,,,,,0,,,,,,
,,,,,,,,,,,,,,,,,0,,,,,,
,,,,,,,,,,,,,,,,,0,,,,,,
,,,,,,,,,,,,,,,,,0,,,,,,
,,,,,,,,,,,,,,,,,0,,,,,,
,,,,,,,,,,,,,,,,,0,,,,,,
,,,,,,,,,,,,,,,,,0,,,,,,
,,,,,,,,,,,,,,,,,0,,,,,,
,,,,,,,,,,,,,,,,,0,,,,,,
,,,,,,,,,,,,,,,,,0,,,,,,
,,,,,,,,,,,,,,,,,0,,,,,,
,,,,,,,,,,,,,,,,,0,,,,,,
,,,,,,,,,,,,,,,,,0,,,,,,
,,,,,,,,,,,,,,,,,0,,,,,,
,,,,,,,,,,,,,,,,,0,,,,,,
,,,,,,,,,,,,,,,,,0,,,,,,
,,,,,,,,,,,,,,,,,0,,,,,,
,,,,,,,,,,,,,,,,,0,,,,,,
,,,,,,,,,,,,,,,,,0,,,,,,
,,,,,,,,,,,,,,,,,0,,,,,,
,,,,,,,,,,,,,,,,,0,,,,,,
,,,,,,,,,,,,,,,,,0,,,,,,
,,,,,,,,,,,,,,,,,0,,,,,,
,,,,,,,,,,,,,,,,,0,,,,,,
,,,,,,,,,,,,,,,,,0,,,,,,
,,,,,,,,,,,,,,,,,0,,,,,,
,,,,,,,,,,,,,,,,,0,,,,,,
,,,,,,,,,,,,,,,,,0,,,,,,
,,,,,,,,,,,,,,,,,0,,,,,,
,,,,,,,,,,,,,,,,,0,,,,,,
,,,,,,,,,,,,,,,,,0,,,,,,
,,,,,,,,,,,,,,,,,0,,,,,,
,,,,,,,,,,,,,,,,,0,,,,,,
,,,,,,,,,,,,,,,,,0,,,,,,
,,,,,,,,,,,,,,,,,0,,,,,,
,,,,,,,,,,,,,,,,,0,,,,,,
,,,,,,,,,,,,,,,,,0,,,,,,
,,,,,,,,,,,,,,,,,0,,,,,,
,,,,,,,,,,,,,,,,,0,,,,,,
,,,,,,,,,,,,,,,,,0,,,,,,
,,,,,,,,,,,,,,,,,0,,,,,,
,,,,,,,,,,,,,,,,,0,,,,,,
,,,,,,,,,,,,,,,,,0,,,,,,
,,,,,,,,,,,,,,,,,0,,,,,,
,,,,,,,,,,,,,,,,,0,,,,,,
,,,,,,,,,,,,,,,,,0,,,,,,
,,,,,,,,,,,,,,,,,0,,,,,,
,,,,,,,,,,,,,,,,,0,,,,,,
,,,,,,,,,,,,,,,,,0,,,,,,
,,,,,,,,,,,,,,,,,0,,,,,,
,,,,,,,,,,,,,,,,,0,,,,,,
,,,,,,,,,,,,,,,,,0,,,,,,
,,,,,,,,,,,,,,,,,0,,,,,,
,,,,,,,,,,,,,,,,,0,,,,,,
,,,,,,,,,,,,,,,,,0,,,,,,
,,,,,,,,,,,,,,,,,0,,,,,,
,,,,,,,,,,,,,,,,,0,,,,,,
,,,,,,,,,,,,,,,,,0,,,,,,
,,,,,,,,,,,,,,,,,0,,,,,,
,,,,,,,,,,,,,,,,,0,,,,,,
,,,,,,,,,,,,,,,,,0,,,,,,
,,,,,,,,,,,,,,,,,0,,,,,,
,,,,,,,,,,,,,,,,,0,,,,,,
,,,,,,,,,,,,,,,,,0,,,,,,
,,,,,,,,,,,,,,,,,0,,,,,,
,,,,,,,,,,,,,,,,,0,,,,,,
,,,,,,,,,,,,,,,,,0,,,,,,
,,,,,,,,,,,,,,,,,0,,,,,,
,,,,,,,,,,,,,,,,,0,,,,,,
,,,,,,,,,,,,,,,,,0,,,,,,
,,,,,,,,,,,,,,,,,0,,,,,,
,,,,,,,,,,,,,,,,,0,,,,,,
,,,,,,,,,,,,,,,,,0,,,,,,
,,,,,,,,,,,,,,,,,0,,,,,,
,,,,,,,,,,,,,,,,,0,,,,,,
,,,,,,,,,,,,,,,,,0,,,,,,
,,,,,,,,,,,,,,,,,0,,,,,,
,,,,,,,,,,,,,,,,,0,,,,,,
,,,,,,,,,,,,,,,,,0,,,,,,
,,,,,,,,,,,,,,,,,0,,,,,,
,,,,,,,,,,,,,,,,,0,,,,,,
,,,,,,,,,,,,,,,,,0,,,,,,
,,,,,,,,,,,,,,,,,0,,,,,,
,,,,,,,,,,,,,,,,,0,,,,,,
,,,,,,,,,,,,,,,,,0,,,,,,
,,,,,,,,,,,,,,,,,0,,,,,,
,,,,,,,,,,,,,,,,,0,,,,,,
,,,,,,,,,,,,,,,,,0,,,,,,
,,,,,,,,,,,,,,,,,0,,,,,,
,,,,,,,,,,,,,,,,,0,,,,,,
,,,,,,,,,,,,,,,,,0,,,,,,
,,,,,,,,,,,,,,,,,0,,,,,,
,,,,,,,,,,,,,,,,,0,,,,,,
,,,,,,,,,,,,,,,,,0,,,,,,
,,,,,,,,,,,,,,,,,0,,,,,,
,,,,,,,,,,,,,,,,,0,,,,,,
,,,,,,,,,,,,,,,,,0,,,,,,
,,,,,,,,,,,,,,,,,0,,,,,,
,,,,,,,,,,,,,,,,,0,,,,,,
,,,,,,,,,,,,,,,,,0,,,,,,
,,,,,,,,,,,,,,,,,0,,,,,,
,,,,,,,,,,,,,,,,,0,,,,,,
,,,,,,,,,,,,,,,,,0,,,,,,
,,,,,,,,,,,,,,,,,0,,,,,,
,,,,,,,,,,,,,,,,,0,,,,,,
,,,,,,,,,,,,,,,,,0,,,,,,
,,,,,,,,,,,,,,,,,0,,,,,,
,,,,,,,,,,,,,,,,,0,,,,,,
,,,,,,,,,,,,,,,,,0,,,,,,
,,,,,,,,,,,,,,,,,0,,,,,,
,,,,,,,,,,,,,,,,,0,,,,,,
,,,,,,,,,,,,,,,,,0,,,,,,
,,,,,,,,,,,,,,,,,0,,,,,,
,,,,,,,,,,,,,,,,,0,,,,,,
,,,,,,,,,,,,,,,,,0,,,,,,
,,,,,,,,,,,,,,,,,0,,,,,,
,,,,,,,,,,,,,,,,,0,,,,,,
,,,,,,,,,,,,,,,,,0,,,,,,
,,,,,,,,,,,,,,,,,0,,,,,,
,,,,,,,,,,,,,,,,,0,,,,,,
,,,,,,,,,,,,,,,,,0,,,,,,
,,,,,,,,,,,,,,,,,0,,,,,,
,,,,,,,,,,,,,,,,,0,,,,,,
,,,,,,,,,,,,,,,,,0,,,,,,
,,,,,,,,,,,,,,,,,0,,,,,,